IdHecho,IdBanco,IdCuenta,IdTiempo,Monto
1,2,1,1,29190.19
2,2,10,1,29190.19
3,2,2,1,5849.31
4,2,11,1,5849.31
5,2,3,1,3727.63
6,2,12,1,3727.63
7,2,4,1,14483.13
8,2,13,1,7125.29
9,2,14,1,7357.84
10,2,15,1,0.00
11,2,5,1,2944.88
12,2,16,1,0.12
13,2,17,1,0.00
14,2,18,1,0.00
15,2,19,1,2320.12
16,2,20,1,624.64
17,2,21,1,0.00
18,2,6,1,9913.28
19,2,22,1,5188.73
20,2,23,1,3683.66
21,2,24,1,1040.88
22,2,7,1,455.98
23,2,25,1,61.30
24,2,26,1,243.17
25,2,27,1,0.00
26,2,28,1,128.94
27,2,29,1,0.00
28,2,30,1,0.00
29,2,31,1,22.57
30,2,8,1,3626.93
31,2,32,1,3626.93
32,2,9,1,0.00
33,6,1,1,21181.97
34,6,10,1,21181.97
35,6,2,1,1326.28
36,6,11,1,1326.28
37,6,3,1,3374.01
38,6,12,1,3374.01
39,6,4,1,16541.79
40,6,13,1,6856.50
41,6,14,1,9417.52
42,6,15,1,267.76
43,6,5,1,230.73
44,6,16,1,1.57
45,6,17,1,0.00
46,6,18,1,7.10
47,6,19,1,190.97
48,6,20,1,31.09
49,6,21,1,0.00
50,6,6,1,9529.99
51,6,22,1,5041.35
52,6,23,1,3243.91
53,6,24,1,1244.72
54,6,7,1,160.75
55,6,25,1,2.39
56,6,26,1,45.43
57,6,27,1,4.56
58,6,28,1,45.60
59,6,29,1,0.00
60,6,30,1,0.00
61,6,31,1,62.76
62,6,8,1,0.00
63,6,32,1,0.00
64,6,9,1,0.00
65,7,1,1,18543.91
66,7,10,1,18543.91
67,7,2,1,2010.27
68,7,11,1,2010.27
69,7,3,1,4599.98
70,7,12,1,4599.98
71,7,4,1,15456.40
72,7,13,1,6515.56
73,7,14,1,8940.84
74,7,15,1,0.00
75,7,5,1,1671.37
76,7,16,1,0.08
77,7,17,1,0.00
78,7,18,1,0.00
79,7,19,1,1584.01
80,7,20,1,87.28
81,7,21,1,0.00
82,7,6,1,5740.24
83,7,22,1,3095.70
84,7,23,1,2164.44
85,7,24,1,480.11
86,7,7,1,143.41
87,7,25,1,7.26
88,7,26,1,32.50
89,7,27,1,11.99
90,7,28,1,91.66
91,7,29,1,0.00
92,7,30,1,0.00
93,7,31,1,0.01
94,7,8,1,1189.41
95,7,32,1,1189.41
96,7,9,1,0.00
97,9,1,1,7204.58
98,9,10,1,7204.58
99,9,2,1,237.02
100,9,11,1,237.02
101,9,3,1,41.23
102,9,12,1,41.23
103,9,4,1,3773.41
104,9,13,1,3109.66
105,9,14,1,657.47
106,9,15,1,6.28
107,9,5,1,77.55
108,9,16,1,0.21
109,9,17,1,0.00
110,9,18,1,1.84
111,9,19,1,75.49
112,9,20,1,0.00
113,9,21,1,0.00
114,9,6,1,2073.31
115,9,22,1,1262.99
116,9,23,1,660.65
117,9,24,1,149.67
118,9,7,1,183.47
119,9,25,1,17.83
120,9,26,1,11.95
121,9,27,1,27.48
122,9,28,1,125.13
123,9,29,1,0.00
124,9,30,1,0.00
125,9,31,1,1.08
126,9,8,1,382.79
127,9,32,1,382.79
128,9,9,1,0.00
129,14,1,1,858.36
130,14,10,1,858.36
131,14,2,1,322.57
132,14,11,1,322.57
133,14,3,1,31.84
134,14,12,1,31.84
135,14,4,1,52.76
136,14,13,1,52.27
137,14,14,1,0.50
138,14,15,1,0.00
139,14,5,1,181.15
140,14,16,1,0.00
141,14,17,1,0.00
142,14,18,1,0.00
143,14,19,1,181.15
144,14,20,1,0.00
145,14,21,1,0.00
146,14,6,1,669.26
147,14,22,1,371.00
148,14,23,1,243.16
149,14,24,1,55.10
150,14,7,1,1.84
151,14,25,1,1.84
152,14,26,1,0.00
153,14,27,1,0.00
154,14,28,1,0.00
155,14,29,1,0.00
156,14,30,1,0.00
157,14,31,1,0.00
158,14,8,1,31.89
159,14,32,1,31.89
160,14,9,1,0.00
161,13,1,1,3126.09
162,13,10,1,3126.09
163,13,2,1,151.46
164,13,11,1,151.46
165,13,3,1,45.96
166,13,12,1,45.96
167,13,4,1,743.14
168,13,13,1,618.78
169,13,14,1,124.36
170,13,15,1,0.00
171,13,5,1,112.82
172,13,16,1,6.70
173,13,17,1,0.00
174,13,18,1,0.00
175,13,19,1,88.78
176,13,20,1,17.34
177,13,21,1,0.00
178,13,6,1,1935.75
179,13,22,1,1339.28
180,13,23,1,398.97
181,13,24,1,197.50
182,13,7,1,98.86
183,13,25,1,48.76
184,13,26,1,0.00
185,13,27,1,0.17
186,13,28,1,49.93
187,13,29,1,0.00
188,13,30,1,0.00
189,13,31,1,0.00
190,13,8,1,166.54
191,13,32,1,166.54
192,13,9,1,0.00
193,8,1,1,2227.04
194,8,10,1,2227.04
195,8,2,1,51.78
196,8,11,1,51.78
197,8,3,1,8.30
198,8,12,1,8.30
199,8,4,1,1301.37
200,8,13,1,1143.25
201,8,14,1,158.12
202,8,15,1,0.00
203,8,5,1,9.07
204,8,16,1,0.00
205,8,17,1,0.00
206,8,18,1,0.00
207,8,19,1,9.07
208,8,20,1,0.00
209,8,21,1,0.00
210,8,6,1,818.14
211,8,22,1,412.55
212,8,23,1,282.26
213,8,24,1,123.33
214,8,7,1,41.51
215,8,25,1,15.47
216,8,26,1,0.00
217,8,27,1,0.18
218,8,28,1,25.68
219,8,29,1,0.00
220,8,30,1,0.00
221,8,31,1,0.19
222,8,8,1,16.55
223,8,32,1,16.55
224,8,9,1,5.97
225,11,1,1,9576.13
226,11,10,1,9576.13
227,11,2,1,693.25
228,11,11,1,693.25
229,11,3,1,604.22
230,11,12,1,604.22
231,11,4,1,5493.66
232,11,13,1,3604.93
233,11,14,1,1888.72
234,11,15,1,0.00
235,11,5,1,405.73
236,11,16,1,0.00
237,11,17,1,0.00
238,11,18,1,0.00
239,11,19,1,375.57
240,11,20,1,30.16
241,11,21,1,0.00
242,11,6,1,3762.27
243,11,22,1,1784.93
244,11,23,1,1545.38
245,11,24,1,431.97
246,11,7,1,344.28
247,11,25,1,100.03
248,11,26,1,69.02
249,11,27,1,0.00
250,11,28,1,164.90
251,11,29,1,0.00
252,11,30,1,0.00
253,11,31,1,10.33
254,11,8,1,390.42
255,11,32,1,390.42
256,11,9,1,0.00
257,12,1,1,18105.07
258,12,10,1,18105.07
259,12,2,1,1283.90
260,12,11,1,1283.90
261,12,3,1,1307.78
262,12,12,1,1307.78
263,12,4,1,10133.50
264,12,13,1,5358.22
265,12,14,1,4775.28
266,12,15,1,0.00
267,12,5,1,83.59
268,12,16,1,17.11
269,12,17,1,0.00
270,12,18,1,0.00
271,12,19,1,66.48
272,12,20,1,0.00
273,12,21,1,0.00
274,12,6,1,6860.03
275,12,22,1,2792.72
276,12,23,1,3531.00
277,12,24,1,536.31
278,12,7,1,204.84
279,12,25,1,4.32
280,12,26,1,87.79
281,12,27,1,14.21
282,12,28,1,82.19
283,12,29,1,10.39
284,12,30,1,5.94
285,12,31,1,0.00
286,12,8,1,1095.29
287,12,32,1,1095.29
288,12,9,1,0.00
289,1,1,1,1764.08
290,1,10,1,1764.08
291,1,2,1,42.39
292,1,11,1,42.39
293,1,3,1,114.78
294,1,12,1,114.78
295,1,4,1,998.18
296,1,13,1,178.58
297,1,14,1,819.60
298,1,15,1,0.00
299,1,5,1,16.53
300,1,16,1,0.00
301,1,17,1,0.00
302,1,18,1,0.00
303,1,19,1,16.53
304,1,20,1,0.00
305,1,21,1,0.00
306,1,6,1,1533.45
307,1,22,1,753.06
308,1,23,1,660.15
309,1,24,1,120.25
310,1,7,1,0.00
311,1,25,1,0.00
312,1,26,1,0.00
313,1,27,1,0.00
314,1,28,1,0.00
315,1,29,1,0.00
316,1,30,1,0.00
317,1,31,1,0.00
318,1,8,1,0.00
319,1,32,1,0.00
320,1,9,1,0.00
321,10,1,1,2155.04
322,10,10,1,2155.04
323,10,2,1,58.53
324,10,11,1,58.53
325,10,3,1,49.47
326,10,12,1,49.47
327,10,4,1,1178.36
328,10,13,1,1056.76
329,10,14,1,121.60
330,10,15,1,0.00
331,10,5,1,95.45
332,10,16,1,0.00
333,10,17,1,0.00
334,10,18,1,0.00
335,10,19,1,95.45
336,10,20,1,0.00
337,10,21,1,0.00
338,10,6,1,606.98
339,10,22,1,352.98
340,10,23,1,188.51
341,10,24,1,65.49
342,10,7,1,0.00
343,10,25,1,0.00
344,10,26,1,0.00
345,10,27,1,0.00
346,10,28,1,0.00
347,10,29,1,0.00
348,10,30,1,0.00
349,10,31,1,0.00
350,10,8,1,78.68
351,10,32,1,78.68
352,10,9,1,0.00
353,4,1,1,3646.67
354,4,10,1,3646.67
355,4,2,1,69.60
356,4,11,1,69.60
357,4,3,1,64.75
358,4,12,1,64.75
359,4,4,1,2071.13
360,4,13,1,1778.31
361,4,14,1,292.82
362,4,15,1,0.00
363,4,5,1,62.13
364,4,16,1,0.00
365,4,17,1,0.00
366,4,18,1,0.00
367,4,19,1,54.82
368,4,20,1,7.31
369,4,21,1,0.00
370,4,6,1,1541.46
371,4,22,1,709.85
372,4,23,1,652.28
373,4,24,1,179.32
374,4,7,1,33.84
375,4,25,1,0.00
376,4,26,1,0.00
377,4,27,1,0.00
378,4,28,1,32.70
379,4,29,1,0.00
380,4,30,1,1.13
381,4,31,1,0.00
382,4,8,1,0.00
383,4,32,1,0.00
384,4,9,1,0.00
385,3,1,1,4318.96
386,3,10,1,4318.96
387,3,2,1,303.08
388,3,11,1,303.08
389,3,3,1,763.01
390,3,12,1,763.01
391,3,4,1,3156.23
392,3,13,1,2476.43
393,3,14,1,617.45
394,3,15,1,62.35
395,3,5,1,15.01
396,3,16,1,0.00
397,3,17,1,0.00
398,3,18,1,0.00
399,3,19,1,15.01
400,3,20,1,0.00
401,3,21,1,0.00
402,3,6,1,1681.52
403,3,22,1,856.79
404,3,23,1,643.54
405,3,24,1,181.19
406,3,7,1,311.71
407,3,25,1,16.10
408,3,26,1,9.15
409,3,27,1,0.00
410,3,28,1,70.39
411,3,29,1,210.93
412,3,30,1,0.00
413,3,31,1,5.13
414,3,8,1,9.88
415,3,32,1,9.88
416,3,9,1,0.00
417,2,1,2,58144.20
418,2,10,2,58144.20
419,2,2,2,11450.86
420,2,11,2,11450.86
421,2,3,2,10016.78
422,2,12,2,10016.78
423,2,4,2,28933.11
424,2,13,2,13299.44
425,2,14,2,15633.67
426,2,15,2,0.00
427,2,5,2,5591.61
428,2,16,2,0.21
429,2,17,2,0.00
430,2,18,2,0.00
431,2,19,2,4857.14
432,2,20,2,734.26
433,2,21,2,0.00
434,2,6,2,20090.16
435,2,22,2,10663.87
436,2,23,2,7355.67
437,2,24,2,2070.61
438,2,7,2,939.38
439,2,25,2,98.00
440,2,26,2,362.35
441,2,27,2,0.00
442,2,28,2,405.73
443,2,29,2,0.00
444,2,30,2,0.00
445,2,31,2,73.30
446,2,8,2,8437.91
447,2,32,2,8437.91
448,2,9,2,0.00
449,6,1,2,42129.41
450,6,10,2,42129.41
451,6,2,2,2680.08
452,6,11,2,2680.08
453,6,3,2,11998.44
454,6,12,2,11998.44
455,6,4,2,29685.47
456,6,13,2,12843.59
457,6,14,2,16170.77
458,6,15,2,671.11
459,6,5,2,451.24
460,6,16,2,1.85
461,6,17,2,0.00
462,6,18,2,14.19
463,6,19,2,376.77
464,6,20,2,58.42
465,6,21,2,0.00
466,6,6,2,18782.73
467,6,22,2,9879.36
468,6,23,2,6441.86
469,6,24,2,2461.51
470,6,7,2,385.36
471,6,25,2,9.65
472,6,26,2,152.47
473,6,27,2,19.49
474,6,28,2,82.58
475,6,29,2,0.00
476,6,30,2,0.00
477,6,31,2,121.17
478,6,8,2,2185.03
479,6,32,2,2185.03
480,6,9,2,0.00
481,7,1,2,36025.32
482,7,10,2,36025.32
483,7,2,2,4018.86
484,7,11,2,4018.86
485,7,3,2,6684.34
486,7,12,2,6684.34
487,7,4,2,26395.93
488,7,13,2,12533.20
489,7,14,2,13862.73
490,7,15,2,0.00
491,7,5,2,3368.05
492,7,16,2,0.17
493,7,17,2,0.05
494,7,18,2,0.00
495,7,19,2,3181.75
496,7,20,2,186.08
497,7,21,2,0.00
498,7,6,2,11983.98
499,7,22,2,6262.72
500,7,23,2,4763.57
501,7,24,2,957.69
502,7,7,2,353.61
503,7,25,2,15.85
504,7,26,2,109.96
505,7,27,2,30.33
506,7,28,2,196.99
507,7,29,2,0.00
508,7,30,2,0.00
509,7,31,2,0.49
510,7,8,2,1151.41
511,7,32,2,1151.41
512,7,9,2,0.00
513,9,1,2,13801.27
514,9,10,2,13801.27
515,9,2,2,750.55
516,9,11,2,750.55
517,9,3,2,341.98
518,9,12,2,341.98
519,9,4,2,7439.83
520,9,13,2,5901.23
521,9,14,2,1529.09
522,9,15,2,9.50
523,9,5,2,198.63
524,9,16,2,2.11
525,9,17,2,0.00
526,9,18,2,3.46
527,9,19,2,193.07
528,9,20,2,0.00
529,9,21,2,0.00
530,9,6,2,4207.32
531,9,22,2,2498.03
532,9,23,2,1418.37
533,9,24,2,290.91
534,9,7,2,417.36
535,9,25,2,86.83
536,9,26,2,25.14
537,9,27,2,55.54
538,9,28,2,242.97
539,9,29,2,0.00
540,9,30,2,0.00
541,9,31,2,6.87
542,9,8,2,723.41
543,9,32,2,723.41
544,9,9,2,0.00
545,14,1,2,1774.49
546,14,10,2,1774.49
547,14,2,2,745.18
548,14,11,2,745.18
549,14,3,2,31.84
550,14,12,2,31.84
551,14,4,2,122.48
552,14,13,2,121.40
553,14,14,2,1.09
554,14,15,2,0.00
555,14,5,2,338.04
556,14,16,2,0.08
557,14,17,2,0.00
558,14,18,2,97.96
559,14,19,2,239.99
560,14,20,2,0.00
561,14,21,2,0.00
562,14,6,2,1242.92
563,14,22,2,729.07
564,14,23,2,437.29
565,14,24,2,76.55
566,14,7,2,7.19
567,14,25,2,7.19
568,14,26,2,0.00
569,14,27,2,0.00
570,14,28,2,0.00
571,14,29,2,0.00
572,14,30,2,0.00
573,14,31,2,0.00
574,14,8,2,61.77
575,14,32,2,61.77
576,14,9,2,0.00
577,13,1,2,6014.69
578,13,10,2,6014.69
579,13,2,2,315.46
580,13,11,2,315.46
581,13,3,2,89.03
582,13,12,2,89.03
583,13,4,2,1392.80
584,13,13,2,1151.82
585,13,14,2,240.98
586,13,15,2,0.00
587,13,5,2,208.38
588,13,16,2,12.47
589,13,17,2,0.00
590,13,18,2,0.12
591,13,19,2,161.10
592,13,20,2,34.68
593,13,21,2,0.00
594,13,6,2,3787.56
595,13,22,2,2548.06
596,13,23,2,835.19
597,13,24,2,404.30
598,13,7,2,207.25
599,13,25,2,105.24
600,13,26,2,0.00
601,13,27,2,3.39
602,13,28,2,98.63
603,13,29,2,0.00
604,13,30,2,0.00
605,13,31,2,0.00
606,13,8,2,309.37
607,13,32,2,309.37
608,13,9,2,0.00
609,8,1,2,4349.50
610,8,10,2,4349.50
611,8,2,2,103.10
612,8,11,2,103.10
613,8,3,2,632.28
614,8,12,2,632.28
615,8,4,2,2504.62
616,8,13,2,2177.10
617,8,14,2,327.52
618,8,15,2,0.00
619,8,5,2,18.01
620,8,16,2,0.00
621,8,17,2,0.00
622,8,18,2,0.00
623,8,19,2,18.01
624,8,20,2,0.00
625,8,21,2,0.00
626,8,6,2,1674.33
627,8,22,2,814.74
628,8,23,2,612.47
629,8,24,2,247.11
630,8,7,2,520.34
631,8,25,2,27.52
632,8,26,2,439.98
633,8,27,2,15.98
634,8,28,2,36.25
635,8,29,2,0.00
636,8,30,2,0.00
637,8,31,2,0.61
638,8,8,2,61.39
639,8,32,2,61.39
640,8,9,2,16.98
641,11,1,2,18649.88
642,11,10,2,18649.88
643,11,2,2,1448.89
644,11,11,2,1448.89
645,11,3,2,1834.01
646,11,12,2,1834.01
647,11,4,2,10822.50
648,11,13,2,6978.99
649,11,14,2,3843.51
650,11,15,2,0.00
651,11,5,2,1055.86
652,11,16,2,0.00
653,11,17,2,0.00
654,11,18,2,0.00
655,11,19,2,976.68
656,11,20,2,79.17
657,11,21,2,0.00
658,11,6,2,7525.03
659,11,22,2,3505.31
660,11,23,2,3194.57
661,11,24,2,825.15
662,11,7,2,601.59
663,11,25,2,141.18
664,11,26,2,127.99
665,11,27,2,0.00
666,11,28,2,313.67
667,11,29,2,0.00
668,11,30,2,0.00
669,11,31,2,18.76
670,11,8,2,1039.51
671,11,32,2,1039.51
672,11,9,2,0.00
673,12,1,2,34339.28
674,12,10,2,34339.28
675,12,2,2,2549.38
676,12,11,2,2549.38
677,12,3,2,1903.94
678,12,12,2,1903.94
679,12,4,2,18400.71
680,12,13,2,10198.24
681,12,14,2,8202.47
682,12,15,2,0.00
683,12,5,2,166.87
684,12,16,2,31.16
685,12,17,2,0.00
686,12,18,2,0.00
687,12,19,2,135.71
688,12,20,2,0.00
689,12,21,2,0.00
690,12,6,2,14066.10
691,12,22,2,5736.88
692,12,23,2,7189.83
693,12,24,2,1139.39
694,12,7,2,388.83
695,12,25,2,68.53
696,12,26,2,103.43
697,12,27,2,23.93
698,12,28,2,166.69
699,12,29,2,20.31
700,12,30,2,5.94
701,12,31,2,0.00
702,12,8,2,1573.05
703,12,32,2,1573.05
704,12,9,2,0.00
705,1,1,2,3457.39
706,1,10,2,3457.39
707,1,2,2,83.11
708,1,11,2,83.11
709,1,3,2,1012.50
710,1,12,2,1012.50
711,1,4,2,1401.48
712,1,13,2,334.35
713,1,14,2,1067.13
714,1,15,2,0.00
715,1,5,2,62.70
716,1,16,2,0.00
717,1,17,2,0.00
718,1,18,2,0.00
719,1,19,2,62.70
720,1,20,2,0.00
721,1,21,2,0.00
722,1,6,2,3011.35
723,1,22,2,1462.07
724,1,23,2,1309.99
725,1,24,2,239.29
726,1,7,2,1.04
727,1,25,2,1.04
728,1,26,2,0.00
729,1,27,2,0.00
730,1,28,2,0.00
731,1,29,2,0.00
732,1,30,2,0.00
733,1,31,2,0.00
734,1,8,2,0.00
735,1,32,2,0.00
736,1,9,2,0.00
737,10,1,2,4342.68
738,10,10,2,4342.68
739,10,2,2,108.74
740,10,11,2,108.74
741,10,3,2,155.82
742,10,12,2,155.82
743,10,4,2,2108.06
744,10,13,2,2023.74
745,10,14,2,74.42
746,10,15,2,9.91
747,10,5,2,183.28
748,10,16,2,0.00
749,10,17,2,0.00
750,10,18,2,0.00
751,10,19,2,183.28
752,10,20,2,0.00
753,10,21,2,0.00
754,10,6,2,1203.37
755,10,22,2,675.87
756,10,23,2,394.04
757,10,24,2,133.46
758,10,7,2,1.83
759,10,25,2,1.83
760,10,26,2,0.00
761,10,27,2,0.00
762,10,28,2,0.00
763,10,29,2,0.00
764,10,30,2,0.00
765,10,31,2,0.00
766,10,8,2,218.26
767,10,32,2,218.26
768,10,9,2,0.00
769,4,1,2,7175.97
770,4,10,2,7175.97
771,4,2,2,145.00
772,4,11,2,145.00
773,4,3,2,195.37
774,4,12,2,195.37
775,4,4,2,3987.36
776,4,13,2,3332.78
777,4,14,2,654.57
778,4,15,2,0.00
779,4,5,2,142.34
780,4,16,2,0.00
781,4,17,2,0.00
782,4,18,2,0.00
783,4,19,2,114.43
784,4,20,2,27.91
785,4,21,2,0.00
786,4,6,2,3127.10
787,4,22,2,1438.90
788,4,23,2,1339.26
789,4,24,2,348.95
790,4,7,2,64.66
791,4,25,2,0.00
792,4,26,2,0.00
793,4,27,2,0.04
794,4,28,2,62.48
795,4,29,2,0.00
796,4,30,2,2.14
797,4,31,2,0.00
798,4,8,2,0.00
799,4,32,2,0.00
800,4,9,2,0.00
801,3,1,2,8310.10
802,3,10,2,8310.10
803,3,2,2,674.40
804,3,11,2,674.40
805,3,3,2,1395.88
806,3,12,2,1395.88
807,3,4,2,6091.32
808,3,13,2,4777.21
809,3,14,2,1242.92
810,3,15,2,71.19
811,3,5,2,27.82
812,3,16,2,0.00
813,3,17,2,0.00
814,3,18,2,0.00
815,3,19,2,27.82
816,3,20,2,0.00
817,3,21,2,0.00
818,3,6,2,3357.63
819,3,22,2,1697.29
820,3,23,2,1300.97
821,3,24,2,359.37
822,3,7,2,429.87
823,3,25,2,23.89
824,3,26,2,48.19
825,3,27,2,0.00
826,3,28,2,133.36
827,3,29,2,210.93
828,3,30,2,0.00
829,3,31,2,13.50
830,3,8,2,19.75
831,3,32,2,19.75
832,3,9,2,0.00
833,2,1,3,89096.38
834,2,10,3,89096.38
835,2,2,3,17777.57
836,2,11,3,17777.57
837,2,3,3,16465.78
838,2,12,3,16465.78
839,2,4,3,43340.17
840,2,13,3,20795.82
841,2,14,3,22544.35
842,2,15,3,0.00
843,2,5,3,8507.98
844,2,16,3,11.07
845,2,17,3,0.00
846,2,18,3,0.00
847,2,19,3,7556.83
848,2,20,3,940.07
849,2,21,3,0.00
850,2,6,3,31819.29
851,2,22,3,16276.47
852,2,23,3,12368.75
853,2,24,3,3174.07
854,2,7,3,5301.21
855,2,25,3,134.72
856,2,26,3,798.98
857,2,27,3,0.00
858,2,28,3,485.34
859,2,29,3,3734.08
860,2,30,3,0.00
861,2,31,3,148.09
862,2,8,3,8354.21
863,2,32,3,8354.21
864,2,9,3,0.00
865,6,1,3,64845.90
866,6,10,3,64845.90
867,6,2,3,4146.04
868,6,11,3,4146.04
869,6,3,3,20375.42
870,6,12,3,20375.42
871,6,4,3,49507.53
872,6,13,3,19153.98
873,6,14,3,29223.49
874,6,15,3,1130.06
875,6,5,3,699.67
876,6,16,3,2.54
877,6,17,3,0.00
878,6,18,3,21.29
879,6,19,3,587.93
880,6,20,3,87.90
881,6,21,3,0.00
882,6,6,3,28375.94
883,6,22,3,14676.54
884,6,23,3,10012.47
885,6,24,3,3686.93
886,6,7,3,512.20
887,6,25,3,19.28
888,6,26,3,223.60
889,6,27,3,41.42
890,6,28,3,112.24
891,6,29,3,0.00
892,6,30,3,0.00
893,6,31,3,115.66
894,6,8,3,3185.41
895,6,32,3,3185.41
896,6,9,3,0.00
897,7,1,3,55163.50
898,7,10,3,55163.50
899,7,2,3,6080.74
900,7,11,3,6080.74
901,7,3,3,10026.98
902,7,12,3,10026.98
903,7,4,3,39946.02
904,7,13,3,19076.68
905,7,14,3,20869.34
906,7,15,3,0.00
907,7,5,3,5130.31
908,7,16,3,0.28
909,7,17,3,0.05
910,7,18,3,0.00
911,7,19,3,4893.11
912,7,20,3,236.87
913,7,21,3,0.00
914,7,6,3,18760.11
915,7,22,3,9529.46
916,7,23,3,7790.62
917,7,24,3,1440.02
918,7,7,3,493.99
919,7,25,3,25.01
920,7,26,3,140.35
921,7,27,3,48.94
922,7,28,3,278.49
923,7,29,3,0.00
924,7,30,3,0.00
925,7,31,3,1.20
926,7,8,3,1651.47
927,7,32,3,1651.47
928,7,9,3,0.00
929,9,1,3,21258.27
930,9,10,3,21258.27
931,9,2,3,1614.92
932,9,11,3,1614.92
933,9,3,3,606.33
934,9,12,3,606.33
935,9,4,3,11353.94
936,9,13,3,9084.79
937,9,14,3,2259.65
938,9,15,3,9.50
939,9,5,3,347.11
940,9,16,3,2.11
941,9,17,3,0.00
942,9,18,3,5.39
943,9,19,3,339.62
944,9,20,3,0.00
945,9,21,3,0.00
946,9,6,3,6613.49
947,9,22,3,3760.33
948,9,23,3,2413.21
949,9,24,3,439.95
950,9,7,3,598.42
951,9,25,3,68.75
952,9,26,3,83.22
953,9,27,3,89.36
954,9,28,3,344.95
955,9,29,3,0.00
956,9,30,3,0.00
957,9,31,3,12.14
958,9,8,3,1102.36
959,9,32,3,1102.36
960,9,9,3,0.00
961,14,1,3,2754.45
962,14,10,3,2754.45
963,14,2,3,1126.09
964,14,11,3,1126.09
965,14,3,3,89.33
966,14,12,3,89.33
967,14,4,3,203.22
968,14,13,3,202.07
969,14,14,3,1.15
970,14,15,3,0.00
971,14,5,3,475.84
972,14,16,3,0.99
973,14,17,3,0.00
974,14,18,3,97.96
975,14,19,3,376.88
976,14,20,3,0.00
977,14,21,3,0.00
978,14,6,3,2088.15
979,14,22,3,1222.24
980,14,23,3,767.91
981,14,24,3,98.00
982,14,7,3,9.63
983,14,25,3,9.63
984,14,26,3,0.00
985,14,27,3,0.00
986,14,28,3,0.00
987,14,29,3,0.00
988,14,30,3,0.00
989,14,31,3,0.00
990,14,8,3,61.77
991,14,32,3,61.77
992,14,9,3,0.00
993,13,1,3,9335.66
994,13,10,3,9335.66
995,13,2,3,486.67
996,13,11,3,486.67
997,13,3,3,153.40
998,13,12,3,153.40
999,13,4,3,2230.87
1000,13,13,3,1746.23
1001,13,14,3,484.64
1002,13,15,3,0.00
1003,13,5,3,312.73
1004,13,16,3,22.69
1005,13,17,3,0.00
1006,13,18,3,0.12
1007,13,19,3,237.89
1008,13,20,3,52.02
1009,13,21,3,0.00
1010,13,6,3,5734.79
1011,13,22,3,3774.23
1012,13,23,3,1359.41
1013,13,24,3,601.15
1014,13,7,3,317.25
1015,13,25,3,153.82
1016,13,26,3,0.00
1017,13,27,3,13.45
1018,13,28,3,149.98
1019,13,29,3,0.00
1020,13,30,3,0.00
1021,13,31,3,0.00
1022,13,8,3,558.70
1023,13,32,3,558.70
1024,13,9,3,0.00
1025,8,1,3,6608.44
1026,8,10,3,6608.44
1027,8,2,3,215.01
1028,8,11,3,215.01
1029,8,3,3,650.12
1030,8,12,3,650.12
1031,8,4,3,3764.23
1032,8,13,3,3285.79
1033,8,14,3,478.44
1034,8,15,3,0.00
1035,8,5,3,27.93
1036,8,16,3,0.00
1037,8,17,3,0.00
1038,8,18,3,0.00
1039,8,19,3,27.93
1040,8,20,3,0.00
1041,8,21,3,0.00
1042,8,6,3,2526.17
1043,8,22,3,1209.67
1044,8,23,3,941.07
1045,8,24,3,375.42
1046,8,7,3,549.50
1047,8,25,3,45.93
1048,8,26,3,439.98
1049,8,27,3,16.15
1050,8,28,3,46.82
1051,8,29,3,0.00
1052,8,30,3,0.00
1053,8,31,3,0.61
1054,8,8,3,105.22
1055,8,32,3,105.22
1056,8,9,3,28.09
1057,11,1,3,28679.90
1058,11,10,3,28679.90
1059,11,2,3,2212.49
1060,11,11,3,2212.49
1061,11,3,3,2425.30
1062,11,12,3,2425.30
1063,11,4,3,15559.89
1064,11,13,3,10531.88
1065,11,14,3,5028.01
1066,11,15,3,0.00
1067,11,5,3,1578.26
1068,11,16,3,0.00
1069,11,17,3,0.00
1070,11,18,3,0.00
1071,11,19,3,1479.36
1072,11,20,3,98.90
1073,11,21,3,0.00
1074,11,6,3,11404.59
1075,11,22,3,5165.13
1076,11,23,3,4993.73
1077,11,24,3,1245.74
1078,11,7,3,1490.53
1079,11,25,3,769.67
1080,11,26,3,231.89
1081,11,27,3,0.00
1082,11,28,3,459.26
1083,11,29,3,0.00
1084,11,30,3,0.00
1085,11,31,3,29.70
1086,11,8,3,1631.07
1087,11,32,3,1631.07
1088,11,9,3,0.00
1089,12,1,3,53021.98
1090,12,10,3,53021.98
1091,12,2,3,3983.26
1092,12,11,3,3983.26
1093,12,3,3,3821.62
1094,12,12,3,3821.62
1095,12,4,3,26852.08
1096,12,13,3,15528.65
1097,12,14,3,11323.43
1098,12,15,3,0.00
1099,12,5,3,413.02
1100,12,16,3,91.12
1101,12,17,3,0.00
1102,12,18,3,0.00
1103,12,19,3,321.90
1104,12,20,3,0.00
1105,12,21,3,0.00
1106,12,6,3,21403.99
1107,12,22,3,8633.23
1108,12,23,3,11076.48
1109,12,24,3,1694.28
1110,12,7,3,1051.73
1111,12,25,3,125.24
1112,12,26,3,411.03
1113,12,27,3,35.09
1114,12,28,3,242.19
1115,12,29,3,232.25
1116,12,30,3,5.94
1117,12,31,3,0.00
1118,12,8,3,2856.88
1119,12,32,3,2856.88
1120,12,9,3,0.00
1121,1,1,3,5020.96
1122,1,10,3,5020.96
1123,1,2,3,331.76
1124,1,11,3,331.76
1125,1,3,3,1393.45
1126,1,12,3,1393.45
1127,1,4,3,1961.30
1128,1,13,3,532.72
1129,1,14,3,1428.58
1130,1,15,3,0.00
1131,1,5,3,103.38
1132,1,16,3,0.00
1133,1,17,3,0.00
1134,1,18,3,0.00
1135,1,19,3,103.38
1136,1,20,3,0.00
1137,1,21,3,0.00
1138,1,6,3,4397.29
1139,1,22,3,2106.47
1140,1,23,3,1933.99
1141,1,24,3,356.83
1142,1,7,3,2.09
1143,1,25,3,2.09
1144,1,26,3,0.00
1145,1,27,3,0.00
1146,1,28,3,0.00
1147,1,29,3,0.00
1148,1,30,3,0.00
1149,1,31,3,0.00
1150,1,8,3,0.00
1151,1,32,3,0.00
1152,1,9,3,0.00
1153,10,1,3,7005.11
1154,10,10,3,7005.11
1155,10,2,3,165.20
1156,10,11,3,165.20
1157,10,3,3,166.43
1158,10,12,3,166.43
1159,10,4,3,3471.06
1160,10,13,3,3163.79
1161,10,14,3,297.36
1162,10,15,3,9.91
1163,10,5,3,269.23
1164,10,16,3,0.00
1165,10,17,3,0.00
1166,10,18,3,0.00
1167,10,19,3,269.23
1168,10,20,3,0.00
1169,10,21,3,0.00
1170,10,6,3,1889.89
1171,10,22,3,1009.95
1172,10,23,3,674.48
1173,10,24,3,205.45
1174,10,7,3,1.83
1175,10,25,3,1.83
1176,10,26,3,0.00
1177,10,27,3,0.00
1178,10,28,3,0.00
1179,10,29,3,0.00
1180,10,30,3,0.00
1181,10,31,3,0.00
1182,10,8,3,389.14
1183,10,32,3,389.14
1184,10,9,3,0.00
1185,4,1,3,10879.20
1186,4,10,3,10879.20
1187,4,2,3,283.34
1188,4,11,3,283.34
1189,4,3,3,281.54
1190,4,12,3,281.54
1191,4,4,3,5819.20
1192,4,13,3,5034.63
1193,4,14,3,784.57
1194,4,15,3,0.00
1195,4,5,3,232.42
1196,4,16,3,0.00
1197,4,17,3,0.00
1198,4,18,3,0.00
1199,4,19,3,181.23
1200,4,20,3,51.19
1201,4,21,3,0.00
1202,4,6,3,4767.49
1203,4,22,3,2166.09
1204,4,23,3,2077.88
1205,4,24,3,523.52
1206,4,7,3,105.84
1207,4,25,3,0.00
1208,4,26,3,0.00
1209,4,27,3,2.80
1210,4,28,3,98.90
1211,4,29,3,0.00
1212,4,30,3,4.14
1213,4,31,3,0.00
1214,4,8,3,0.00
1215,4,32,3,0.00
1216,4,9,3,0.00
1217,3,1,3,12708.49
1218,3,10,3,12708.49
1219,3,2,3,1107.51
1220,3,11,3,1107.51
1221,3,3,3,2353.73
1222,3,12,3,2353.73
1223,3,4,3,9351.82
1224,3,13,3,7288.00
1225,3,14,3,1967.57
1226,3,15,3,96.26
1227,3,5,3,40.42
1228,3,16,3,0.24
1229,3,17,3,0.00
1230,3,18,3,0.00
1231,3,19,3,40.18
1232,3,20,3,0.00
1233,3,21,3,0.00
1234,3,6,3,5260.35
1235,3,22,3,2595.33
1236,3,23,3,2117.88
1237,3,24,3,547.13
1238,3,7,3,695.67
1239,3,25,3,38.70
1240,3,26,3,67.07
1241,3,27,3,0.00
1242,3,28,3,186.45
1243,3,29,3,386.86
1244,3,30,3,0.00
1245,3,31,3,16.60
1246,3,8,3,30.62
1247,3,32,3,30.62
1248,3,9,3,0.00
1249,2,1,4,118957.64
1250,2,10,4,118957.64
1251,2,2,4,23638.05
1252,2,11,4,23638.05
1253,2,3,4,19110.02
1254,2,12,4,19110.02
1255,2,4,4,60931.02
1256,2,13,4,28264.43
1257,2,14,4,32666.60
1258,2,15,4,0.00
1259,2,5,4,11668.32
1260,2,16,4,17.16
1261,2,17,4,0.00
1262,2,18,4,0.00
1263,2,19,4,10616.29
1264,2,20,4,1034.87
1265,2,21,4,0.00
1266,2,6,4,43168.06
1267,2,22,4,21966.97
1268,2,23,4,16779.55
1269,2,24,4,4421.54
1270,2,7,4,3618.37
1271,2,25,4,175.73
1272,2,26,4,894.91
1273,2,27,4,0.00
1274,2,28,4,559.12
1275,2,29,4,1799.39
1276,2,30,4,0.00
1277,2,31,4,189.22
1278,2,8,4,8952.90
1279,2,32,4,8952.90
1280,2,9,4,4.52
1281,6,1,4,86515.02
1282,6,10,4,86515.02
1283,6,2,4,5488.95
1284,6,11,4,5488.95
1285,6,3,4,22762.55
1286,6,12,4,22762.55
1287,6,4,4,63483.69
1288,6,13,4,25177.02
1289,6,14,4,36664.56
1290,6,15,4,1642.10
1291,6,5,4,907.28
1292,6,16,4,3.06
1293,6,17,4,0.00
1294,6,18,4,28.38
1295,6,19,4,761.45
1296,6,20,4,114.39
1297,6,21,4,0.00
1298,6,6,4,37611.43
1299,6,22,4,19419.78
1300,6,23,4,13261.10
1301,6,24,4,4930.55
1302,6,7,4,663.84
1303,6,25,4,19.75
1304,6,26,4,288.99
1305,6,27,4,51.04
1306,6,28,4,144.89
1307,6,29,4,0.00
1308,6,30,4,0.00
1309,6,31,4,159.15
1310,6,8,4,3709.50
1311,6,32,4,3709.50
1312,6,9,4,0.00
1313,7,1,4,74141.28
1314,7,10,4,74141.28
1315,7,2,4,8559.81
1316,7,11,4,8559.81
1317,7,3,4,9602.22
1318,7,12,4,9602.22
1319,7,4,4,47532.49
1320,7,13,4,25305.93
1321,7,14,4,22226.57
1322,7,15,4,0.00
1323,7,5,4,7375.89
1324,7,16,4,0.44
1325,7,17,4,0.05
1326,7,18,4,0.00
1327,7,19,4,7060.64
1328,7,20,4,314.76
1329,7,21,4,0.00
1330,7,6,4,25365.14
1331,7,22,4,12881.61
1332,7,23,4,10563.54
1333,7,24,4,1919.99
1334,7,7,4,681.61
1335,7,25,4,47.19
1336,7,26,4,194.77
1337,7,27,4,68.64
1338,7,28,4,369.72
1339,7,29,4,0.00
1340,7,30,4,0.00
1341,7,31,4,1.28
1342,7,8,4,2970.75
1343,7,32,4,2970.75
1344,7,9,4,0.00
1345,9,1,4,29170.27
1346,9,10,4,29170.27
1347,9,2,4,2336.29
1348,9,11,4,2336.29
1349,9,3,4,964.50
1350,9,12,4,964.50
1351,9,4,4,15332.24
1352,9,13,4,12158.79
1353,9,14,4,3163.95
1354,9,15,4,9.50
1355,9,5,4,440.61
1356,9,16,4,2.11
1357,9,17,4,0.00
1358,9,18,4,11.47
1359,9,19,4,427.03
1360,9,20,4,0.00
1361,9,21,4,0.00
1362,9,6,4,9092.42
1363,9,22,4,5013.64
1364,9,23,4,3492.06
1365,9,24,4,586.72
1366,9,7,4,709.70
1367,9,25,4,61.64
1368,9,26,4,85.16
1369,9,27,4,115.04
1370,9,28,4,434.42
1371,9,29,4,0.00
1372,9,30,4,0.00
1373,9,31,4,13.43
1374,9,8,4,1847.13
1375,9,32,4,1847.13
1376,9,9,4,0.00
1377,14,1,4,3638.91
1378,14,10,4,3638.91
1379,14,2,4,1481.41
1380,14,11,4,1481.41
1381,14,3,4,89.35
1382,14,12,4,89.35
1383,14,4,4,277.60
1384,14,13,4,276.27
1385,14,14,4,1.33
1386,14,15,4,0.00
1387,14,5,4,632.12
1388,14,16,4,0.99
1389,14,17,4,0.00
1390,14,18,4,97.96
1391,14,19,4,528.17
1392,14,20,4,5.00
1393,14,21,4,0.00
1394,14,6,4,2705.25
1395,14,22,4,1595.26
1396,14,23,4,989.83
1397,14,24,4,120.16
1398,14,7,4,9.68
1399,14,25,4,9.68
1400,14,26,4,0.00
1401,14,27,4,0.00
1402,14,28,4,0.00
1403,14,29,4,0.00
1404,14,30,4,0.00
1405,14,31,4,0.00
1406,14,8,4,166.86
1407,14,32,4,166.86
1408,14,9,4,0.00
1409,13,1,4,12975.39
1410,13,10,4,12975.39
1411,13,2,4,670.58
1412,13,11,4,670.58
1413,13,3,4,219.03
1414,13,12,4,219.03
1415,13,4,4,2882.33
1416,13,13,4,2315.54
1417,13,14,4,566.79
1418,13,15,4,0.00
1419,13,5,4,395.30
1420,13,16,4,23.48
1421,13,17,4,0.00
1422,13,18,4,0.12
1423,13,19,4,302.33
1424,13,20,4,69.36
1425,13,21,4,0.00
1426,13,6,4,7685.40
1427,13,22,4,5042.00
1428,13,23,4,1851.35
1429,13,24,4,792.05
1430,13,7,4,424.24
1431,13,25,4,219.84
1432,13,26,4,0.00
1433,13,27,4,17.22
1434,13,28,4,187.18
1435,13,29,4,0.00
1436,13,30,4,0.00
1437,13,31,4,0.00
1438,13,8,4,977.98
1439,13,32,4,977.98
1440,13,9,4,0.00
1441,8,1,4,9089.58
1442,8,10,4,9089.58
1443,8,2,4,270.44
1444,8,11,4,270.44
1445,8,3,4,696.35
1446,8,12,4,696.35
1447,8,4,4,5032.03
1448,8,13,4,4361.19
1449,8,14,4,670.84
1450,8,15,4,0.00
1451,8,5,4,38.35
1452,8,16,4,0.00
1453,8,17,4,0.00
1454,8,18,4,0.00
1455,8,19,4,38.35
1456,8,20,4,0.00
1457,8,21,4,0.00
1458,8,6,4,3360.69
1459,8,22,4,1603.47
1460,8,23,4,1259.09
1461,8,24,4,498.14
1462,8,7,4,583.10
1463,8,25,4,68.78
1464,8,26,4,439.98
1465,8,27,4,16.33
1466,8,28,4,57.39
1467,8,29,4,0.00
1468,8,30,4,0.00
1469,8,31,4,0.61
1470,8,8,4,176.53
1471,8,32,4,176.53
1472,8,9,4,46.47
1473,11,1,4,38132.77
1474,11,10,4,38132.77
1475,11,2,4,2940.96
1476,11,11,4,2940.96
1477,11,3,4,3178.85
1478,11,12,4,3178.85
1479,11,4,4,21144.30
1480,11,13,4,13962.27
1481,11,14,4,7182.03
1482,11,15,4,0.00
1483,11,5,4,2291.73
1484,11,16,4,0.00
1485,11,17,4,0.00
1486,11,18,4,0.00
1487,11,19,4,1942.38
1488,11,20,4,349.35
1489,11,21,4,0.00
1490,11,6,4,15071.40
1491,11,22,4,6895.42
1492,11,23,4,6530.14
1493,11,24,4,1645.84
1494,11,7,4,1704.78
1495,11,25,4,799.20
1496,11,26,4,272.79
1497,11,27,4,0.00
1498,11,28,4,597.40
1499,11,29,4,0.00
1500,11,30,4,0.00
1501,11,31,4,35.39
1502,11,8,4,1706.42
1503,11,32,4,1706.42
1504,11,9,4,11.71
1505,12,1,4,70917.04
1506,12,10,4,70917.04
1507,12,2,4,5245.69
1508,12,11,4,5245.69
1509,12,3,4,4831.92
1510,12,12,4,4831.92
1511,12,4,4,34985.98
1512,12,13,4,20611.64
1513,12,14,4,14374.34
1514,12,15,4,0.00
1515,12,5,4,631.94
1516,12,16,4,85.44
1517,12,17,4,0.00
1518,12,18,4,0.00
1519,12,19,4,546.50
1520,12,20,4,0.00
1521,12,21,4,0.00
1522,12,6,4,28709.24
1523,12,22,4,11598.03
1524,12,23,4,14866.08
1525,12,24,4,2245.13
1526,12,7,4,1266.70
1527,12,25,4,250.45
1528,12,26,4,411.03
1529,12,27,4,39.97
1530,12,28,4,317.98
1531,12,29,4,241.33
1532,12,30,4,5.94
1533,12,31,4,0.00
1534,12,8,4,4059.14
1535,12,32,4,4059.14
1536,12,9,4,0.00
1537,1,1,4,6690.38
1538,1,10,4,6690.38
1539,1,2,4,448.36
1540,1,11,4,448.36
1541,1,3,4,1536.88
1542,1,12,4,1536.88
1543,1,4,4,1950.30
1544,1,13,4,705.75
1545,1,14,4,1244.55
1546,1,15,4,0.00
1547,1,5,4,148.82
1548,1,16,4,0.00
1549,1,17,4,0.00
1550,1,18,4,0.00
1551,1,19,4,148.82
1552,1,20,4,0.00
1553,1,21,4,0.00
1554,1,6,4,5977.44
1555,1,22,4,2917.03
1556,1,23,4,2576.67
1557,1,24,4,483.74
1558,1,7,4,2.09
1559,1,25,4,2.09
1560,1,26,4,0.00
1561,1,27,4,0.00
1562,1,28,4,0.00
1563,1,29,4,0.00
1564,1,30,4,0.00
1565,1,31,4,0.00
1566,1,8,4,0.00
1567,1,32,4,0.00
1568,1,9,4,0.00
1569,10,1,4,8964.03
1570,10,10,4,8964.03
1571,10,2,4,228.77
1572,10,11,4,228.77
1573,10,3,4,176.89
1574,10,12,4,176.89
1575,10,4,4,4504.57
1576,10,13,4,4156.62
1577,10,14,4,338.04
1578,10,15,4,9.91
1579,10,5,4,367.79
1580,10,16,4,0.00
1581,10,17,4,0.00
1582,10,18,4,0.00
1583,10,19,4,367.77
1584,10,20,4,0.02
1585,10,21,4,0.00
1586,10,6,4,2516.34
1587,10,22,4,1348.65
1588,10,23,4,887.86
1589,10,24,4,279.83
1590,10,7,4,1.83
1591,10,25,4,1.83
1592,10,26,4,0.00
1593,10,27,4,0.00
1594,10,28,4,0.00
1595,10,29,4,0.00
1596,10,30,4,0.00
1597,10,31,4,0.00
1598,10,8,4,461.52
1599,10,32,4,461.52
1600,10,9,4,0.00
1601,4,1,4,14900.73
1602,4,10,4,14900.73
1603,4,2,4,383.27
1604,4,11,4,383.27
1605,4,3,4,331.66
1606,4,12,4,331.66
1607,4,4,4,7808.55
1608,4,13,4,6728.12
1609,4,14,4,1080.42
1610,4,15,4,0.00
1611,4,5,4,304.90
1612,4,16,4,0.00
1613,4,17,4,0.00
1614,4,18,4,0.00
1615,4,19,4,248.62
1616,4,20,4,56.28
1617,4,21,4,0.00
1618,4,6,4,6355.75
1619,4,22,4,2883.66
1620,4,23,4,2774.52
1621,4,24,4,697.57
1622,4,7,4,140.87
1623,4,25,4,0.00
1624,4,26,4,0.00
1625,4,27,4,2.48
1626,4,28,4,134.14
1627,4,29,4,0.00
1628,4,30,4,4.24
1629,4,31,4,0.00
1630,4,8,4,0.00
1631,4,32,4,0.00
1632,4,9,4,0.00
1633,3,1,4,17074.34
1634,3,10,4,17074.34
1635,3,2,4,1363.36
1636,3,11,4,1363.36
1637,3,3,4,2922.19
1638,3,12,4,2922.19
1639,3,4,4,12279.88
1640,3,13,4,9702.83
1641,3,14,4,2459.88
1642,3,15,4,117.17
1643,3,5,4,56.79
1644,3,16,4,0.24
1645,3,17,4,0.00
1646,3,18,4,0.00
1647,3,19,4,56.56
1648,3,20,4,0.00
1649,3,21,4,0.00
1650,3,6,4,7001.48
1651,3,22,4,3445.92
1652,3,23,4,2812.27
1653,3,24,4,743.29
1654,3,7,4,902.22
1655,3,25,4,43.15
1656,3,26,4,111.78
1657,3,27,4,0.00
1658,3,28,4,238.34
1659,3,29,4,486.47
1660,3,30,4,0.00
1661,3,31,4,22.49
1662,3,8,4,42.55
1663,3,32,4,42.55
1664,3,9,4,0.00
1665,2,1,5,148995.50
1666,2,10,5,148995.50
1667,2,2,5,29998.58
1668,2,11,5,29998.58
1669,2,3,5,22842.79
1670,2,12,5,22842.79
1671,2,4,5,76956.72
1672,2,13,5,35730.97
1673,2,14,5,41225.74
1674,2,15,5,0.00
1675,2,5,5,14423.65
1676,2,16,5,17.40
1677,2,17,5,0.00
1678,2,18,5,0.00
1679,2,19,5,13222.88
1680,2,20,5,1183.36
1681,2,21,5,0.00
1682,2,6,5,55457.40
1683,2,22,5,27672.50
1684,2,23,5,21762.87
1685,2,24,5,6022.03
1686,2,7,5,4218.03
1687,2,25,5,263.99
1688,2,26,5,973.90
1689,2,27,5,0.00
1690,2,28,5,770.58
1691,2,29,5,1920.13
1692,2,30,5,0.00
1693,2,31,5,289.42
1694,2,8,5,10855.88
1695,2,32,5,10855.88
1696,2,9,5,0.00
1697,6,1,5,108526.87
1698,6,10,5,108526.87
1699,6,2,5,6921.37
1700,6,11,5,6921.37
1701,6,3,5,25401.41
1702,6,12,5,25401.41
1703,6,4,5,75127.97
1704,6,13,5,31394.80
1705,6,14,5,41282.98
1706,6,15,5,2450.19
1707,6,5,5,1181.57
1708,6,16,5,3.36
1709,6,17,5,0.00
1710,6,18,5,35.48
1711,6,19,5,999.81
1712,6,20,5,142.92
1713,6,21,5,0.00
1714,6,6,5,46993.70
1715,6,22,5,24268.88
1716,6,23,5,16557.11
1717,6,24,5,6167.71
1718,6,7,5,785.88
1719,6,25,5,32.29
1720,6,26,5,362.86
1721,6,27,5,56.99
1722,6,28,5,170.30
1723,6,29,5,0.00
1724,6,30,5,0.00
1725,6,31,5,163.45
1726,6,8,5,5143.47
1727,6,32,5,5143.47
1728,6,9,5,0.00
1729,7,1,5,94023.26
1730,7,10,5,94023.26
1731,7,2,5,10626.29
1732,7,11,5,10626.29
1733,7,3,5,11942.56
1734,7,12,5,11942.56
1735,7,4,5,59740.10
1736,7,13,5,31836.85
1737,7,14,5,27903.25
1738,7,15,5,0.00
1739,7,5,5,9431.17
1740,7,16,5,0.56
1741,7,17,5,0.05
1742,7,18,5,0.00
1743,7,19,5,9022.90
1744,7,20,5,407.65
1745,7,21,5,0.00
1746,7,6,5,31821.95
1747,7,22,5,16182.51
1748,7,23,5,13240.73
1749,7,24,5,2398.71
1750,7,7,5,842.23
1751,7,25,5,63.40
1752,7,26,5,197.46
1753,7,27,5,89.20
1754,7,28,5,484.95
1755,7,29,5,0.00
1756,7,30,5,0.00
1757,7,31,5,7.20
1758,7,8,5,3905.96
1759,7,32,5,3905.96
1760,7,9,5,0.00
1761,9,1,5,37342.88
1762,9,10,5,37342.88
1763,9,2,5,3056.15
1764,9,11,5,3056.15
1765,9,3,5,1063.80
1766,9,12,5,1063.80
1767,9,4,5,19469.10
1768,9,13,5,15394.73
1769,9,14,5,4063.95
1770,9,15,5,10.42
1771,9,5,5,529.79
1772,9,16,5,2.20
1773,9,17,5,0.00
1774,9,18,5,15.27
1775,9,19,5,512.32
1776,9,20,5,0.00
1777,9,21,5,0.00
1778,9,6,5,11462.15
1779,9,22,5,6274.21
1780,9,23,5,4450.76
1781,9,24,5,737.18
1782,9,7,5,851.13
1783,9,25,5,69.75
1784,9,26,5,85.45
1785,9,27,5,154.83
1786,9,28,5,522.40
1787,9,29,5,0.00
1788,9,30,5,0.00
1789,9,31,5,18.71
1790,9,8,5,2501.79
1791,9,32,5,2501.79
1792,9,9,5,0.00
1793,14,1,5,4522.82
1794,14,10,5,4522.82
1795,14,2,5,1877.09
1796,14,11,5,1877.09
1797,14,3,5,221.63
1798,14,12,5,221.63
1799,14,4,5,327.87
1800,14,13,5,326.39
1801,14,14,5,1.48
1802,14,15,5,0.00
1803,14,5,5,811.59
1804,14,16,5,0.99
1805,14,17,5,0.00
1806,14,18,5,97.96
1807,14,19,5,707.64
1808,14,20,5,5.00
1809,14,21,5,0.00
1810,14,6,5,3308.80
1811,14,22,5,2006.79
1812,14,23,5,1160.82
1813,14,24,5,141.19
1814,14,7,5,9.84
1815,14,25,5,9.84
1816,14,26,5,0.00
1817,14,27,5,0.00
1818,14,28,5,0.00
1819,14,29,5,0.00
1820,14,30,5,0.00
1821,14,31,5,0.00
1822,14,8,5,226.57
1823,14,32,5,226.57
1824,14,9,5,10.03
1825,13,1,5,16093.99
1826,13,10,5,16093.99
1827,13,2,5,878.07
1828,13,11,5,878.07
1829,13,3,5,481.26
1830,13,12,5,481.26
1831,13,4,5,2879.10
1832,13,13,5,2879.10
1833,13,14,5,0.00
1834,13,15,5,0.00
1835,13,5,5,468.76
1836,13,16,5,36.19
1837,13,17,5,0.00
1838,13,18,5,0.12
1839,13,19,5,345.74
1840,13,20,5,86.70
1841,13,21,5,0.00
1842,13,6,5,9753.81
1843,13,22,5,6435.06
1844,13,23,5,2332.37
1845,13,24,5,986.39
1846,13,7,5,1247.51
1847,13,25,5,301.95
1848,13,26,5,683.43
1849,13,27,5,18.95
1850,13,28,5,243.17
1851,13,29,5,0.00
1852,13,30,5,0.00
1853,13,31,5,0.00
1854,13,8,5,1392.32
1855,13,32,5,1392.32
1856,13,9,5,0.00
1857,8,1,5,11322.01
1858,8,10,5,11322.01
1859,8,2,5,331.32
1860,8,11,5,331.32
1861,8,3,5,827.24
1862,8,12,5,827.24
1863,8,4,5,6272.98
1864,8,13,5,5439.92
1865,8,14,5,833.06
1866,8,15,5,0.00
1867,8,5,5,48.91
1868,8,16,5,0.00
1869,8,17,5,0.00
1870,8,18,5,0.00
1871,8,19,5,48.91
1872,8,20,5,0.00
1873,8,21,5,0.00
1874,8,6,5,4179.63
1875,8,22,5,1995.86
1876,8,23,5,1566.63
1877,8,24,5,617.14
1878,8,7,5,743.48
1879,8,25,5,132.06
1880,8,26,5,524.99
1881,8,27,5,17.47
1882,8,28,5,67.97
1883,8,29,5,0.00
1884,8,30,5,0.00
1885,8,31,5,0.99
1886,8,8,5,216.78
1887,8,32,5,216.78
1888,8,9,5,0.00
1889,11,1,5,47950.60
1890,11,10,5,47950.60
1891,11,2,5,3685.91
1892,11,11,5,3685.91
1893,11,3,5,4211.61
1894,11,12,5,4211.61
1895,11,4,5,26922.23
1896,11,13,5,17446.49
1897,11,14,5,9475.74
1898,11,15,5,0.00
1899,11,5,5,2816.68
1900,11,16,5,0.00
1901,11,17,5,0.00
1902,11,18,5,0.00
1903,11,19,5,2538.84
1904,11,20,5,277.84
1905,11,21,5,0.00
1906,11,6,5,18786.16
1907,11,22,5,8656.20
1908,11,23,5,8077.99
1909,11,24,5,2051.97
1910,11,7,5,2028.90
1911,11,25,5,811.13
1912,11,26,5,425.03
1913,11,27,5,0.00
1914,11,28,5,740.83
1915,11,29,5,0.00
1916,11,30,5,0.00
1917,11,31,5,51.92
1918,11,8,5,2368.08
1919,11,32,5,2368.08
1920,11,9,5,11.71
1921,5,1,5,0.00
1922,5,10,5,0.00
1923,5,2,5,0.00
1924,5,11,5,0.00
1925,5,3,5,0.00
1926,5,12,5,0.00
1927,5,4,5,0.00
1928,5,13,5,0.00
1929,5,14,5,0.00
1930,5,15,5,0.00
1931,5,5,5,0.00
1932,5,16,5,0.00
1933,5,17,5,0.00
1934,5,18,5,0.00
1935,5,19,5,0.00
1936,5,20,5,0.00
1937,5,21,5,0.00
1938,5,6,5,0.00
1939,5,22,5,0.00
1940,5,23,5,0.00
1941,5,24,5,0.00
1942,5,7,5,0.00
1943,5,25,5,0.00
1944,5,26,5,0.00
1945,5,27,5,0.00
1946,5,28,5,0.00
1947,5,29,5,0.00
1948,5,30,5,0.00
1949,5,31,5,0.00
1950,5,8,5,0.00
1951,5,32,5,0.00
1952,5,9,5,0.00
1953,12,1,5,89539.26
1954,12,10,5,89539.26
1955,12,2,5,6515.80
1956,12,11,5,6515.80
1957,12,3,5,5908.76
1958,12,12,5,5908.76
1959,12,4,5,45145.21
1960,12,13,5,25725.27
1961,12,14,5,19419.95
1962,12,15,5,0.00
1963,12,5,5,751.18
1964,12,16,5,120.38
1965,12,17,5,0.00
1966,12,18,5,0.00
1967,12,19,5,630.81
1968,12,20,5,0.00
1969,12,21,5,0.00
1970,12,6,5,36713.74
1971,12,22,5,14615.52
1972,12,23,5,19278.22
1973,12,24,5,2820.00
1974,12,7,5,1473.18
1975,12,25,5,366.85
1976,12,26,5,414.51
1977,12,27,5,42.52
1978,12,28,5,393.37
1979,12,29,5,249.99
1980,12,30,5,5.94
1981,12,31,5,0.00
1982,12,8,5,4875.12
1983,12,32,5,4875.12
1984,12,9,5,0.00
1985,1,1,5,8896.95
1986,1,10,5,8896.95
1987,1,2,5,590.96
1988,1,11,5,590.96
1989,1,3,5,1690.81
1990,1,12,5,1690.81
1991,1,4,5,2341.50
1992,1,13,5,886.94
1993,1,14,5,1454.55
1994,1,15,5,0.00
1995,1,5,5,178.06
1996,1,16,5,0.00
1997,1,17,5,0.00
1998,1,18,5,0.00
1999,1,19,5,178.06
2000,1,20,5,0.00
2001,1,21,5,0.00
2002,1,6,5,7609.23
2003,1,22,5,3716.04
2004,1,23,5,3284.10
2005,1,24,5,609.08
2006,1,7,5,298.49
2007,1,25,5,298.49
2008,1,26,5,0.00
2009,1,27,5,0.00
2010,1,28,5,0.00
2011,1,29,5,0.00
2012,1,30,5,0.00
2013,1,31,5,0.00
2014,1,8,5,0.00
2015,1,32,5,0.00
2016,1,9,5,0.00
2017,10,1,5,11069.84
2018,10,10,5,11069.84
2019,10,2,5,300.74
2020,10,11,5,300.74
2021,10,3,5,191.11
2022,10,12,5,191.11
2023,10,4,5,5532.68
2024,10,13,5,5067.52
2025,10,14,5,455.26
2026,10,15,5,9.91
2027,10,5,5,459.56
2028,10,16,5,0.00
2029,10,17,5,0.00
2030,10,18,5,0.00
2031,10,19,5,459.55
2032,10,20,5,0.01
2033,10,21,5,0.00
2034,10,6,5,3171.11
2035,10,22,5,1687.79
2036,10,23,5,1129.41
2037,10,24,5,353.91
2038,10,7,5,1.83
2039,10,25,5,1.83
2040,10,26,5,0.00
2041,10,27,5,0.00
2042,10,28,5,0.00
2043,10,29,5,0.00
2044,10,30,5,0.00
2045,10,31,5,0.00
2046,10,8,5,576.28
2047,10,32,5,576.28
2048,10,9,5,0.00
2049,4,1,5,18487.83
2050,4,10,5,18487.83
2051,4,2,5,519.22
2052,4,11,5,519.22
2053,4,3,5,421.62
2054,4,12,5,421.62
2055,4,4,5,9710.36
2056,4,13,5,8441.52
2057,4,14,5,1268.84
2058,4,15,5,0.00
2059,4,5,5,384.58
2060,4,16,5,0.00
2061,4,17,5,0.00
2062,4,18,5,0.00
2063,4,19,5,314.05
2064,4,20,5,70.53
2065,4,21,5,0.00
2066,4,6,5,8026.58
2067,4,22,5,3621.63
2068,4,23,5,3534.16
2069,4,24,5,870.79
2070,4,7,5,188.10
2071,4,25,5,0.00
2072,4,26,5,0.00
2073,4,27,5,13.29
2074,4,28,5,170.56
2075,4,29,5,0.00
2076,4,30,5,4.24
2077,4,31,5,0.00
2078,4,8,5,0.00
2079,4,32,5,0.00
2080,4,9,5,0.00
2081,3,1,5,21534.28
2082,3,10,5,21534.28
2083,3,2,5,1775.30
2084,3,11,5,1775.30
2085,3,3,5,3211.01
2086,3,12,5,3211.01
2087,3,4,5,15149.50
2088,3,13,5,12209.18
2089,3,14,5,2814.41
2090,3,15,5,125.91
2091,3,5,5,72.78
2092,3,16,5,0.24
2093,3,17,5,0.00
2094,3,18,5,0.00
2095,3,19,5,72.54
2096,3,20,5,0.00
2097,3,21,5,0.00
2098,3,6,5,8782.04
2099,3,22,5,4288.24
2100,3,23,5,3540.63
2101,3,24,5,953.17
2102,3,7,5,994.56
2103,3,25,5,46.48
2104,3,26,5,120.91
2105,3,27,5,0.00
2106,3,28,5,292.10
2107,3,29,5,506.23
2108,3,30,5,0.00
2109,3,31,5,28.84
2110,3,8,5,99.55
2111,3,32,5,99.55
2112,3,9,5,0.00
2113,2,1,6,179074.28
2114,2,10,6,179074.28
2115,2,2,6,36365.31
2116,2,11,6,36365.31
2117,2,3,6,32082.10
2118,2,12,6,32082.10
2119,2,4,6,90993.47
2120,2,13,6,42819.90
2121,2,14,6,48173.58
2122,2,15,6,0.00
2123,2,5,6,17462.24
2124,2,16,6,18.45
2125,2,17,6,0.00
2126,2,18,6,0.00
2127,2,19,6,16052.00
2128,2,20,6,1391.78
2129,2,21,6,0.00
2130,2,6,6,67218.58
2131,2,22,6,33447.17
2132,2,23,6,26485.19
2133,2,24,6,7286.22
2134,2,7,6,7424.99
2135,2,25,6,342.01
2136,2,26,6,1602.10
2137,2,27,6,0.00
2138,2,28,6,888.46
2139,2,29,6,4241.58
2140,2,30,6,0.00
2141,2,31,6,350.85
2142,2,8,6,12676.51
2143,2,32,6,12676.51
2144,2,9,6,0.00
2145,6,1,6,128882.82
2146,6,10,6,128882.82
2147,6,2,6,8390.98
2148,6,11,6,8390.98
2149,6,3,6,28269.31
2150,6,12,6,28269.31
2151,6,4,6,79676.87
2152,6,13,6,37280.79
2153,6,14,6,39205.23
2154,6,15,6,3190.85
2155,6,5,6,1378.02
2156,6,16,6,5.67
2157,6,17,6,0.00
2158,6,18,6,42.57
2159,6,19,6,1197.35
2160,6,20,6,132.43
2161,6,21,6,0.00
2162,6,6,6,55753.65
2163,6,22,6,29000.79
2164,6,23,6,19337.29
2165,6,24,6,7415.57
2166,6,7,6,1092.15
2167,6,25,6,38.71
2168,6,26,6,609.44
2169,6,27,6,79.12
2170,6,28,6,196.96
2171,6,29,6,0.00
2172,6,30,6,0.00
2173,6,31,6,167.93
2174,6,8,6,8512.58
2175,6,32,6,8512.58
2176,6,9,6,0.00
2177,7,1,6,110210.54
2178,7,10,6,110210.54
2179,7,2,6,12732.52
2180,7,11,6,12732.52
2181,7,3,6,19635.84
2182,7,12,6,19635.84
2183,7,4,6,75224.30
2184,7,13,6,38305.17
2185,7,14,6,36919.13
2186,7,15,6,0.00
2187,7,5,6,11407.32
2188,7,16,6,0.62
2189,7,17,6,0.05
2190,7,18,6,0.00
2191,7,19,6,10893.52
2192,7,20,6,513.13
2193,7,21,6,0.00
2194,7,6,6,38202.96
2195,7,22,6,19387.32
2196,7,23,6,15948.68
2197,7,24,6,2866.96
2198,7,7,6,1172.11
2199,7,25,6,80.53
2200,7,26,6,295.95
2201,7,27,6,107.90
2202,7,28,6,679.66
2203,7,29,6,0.00
2204,7,30,6,0.00
2205,7,31,6,8.07
2206,7,8,6,4325.54
2207,7,32,6,4325.54
2208,7,9,6,0.00
2209,9,1,6,45346.07
2210,9,10,6,45346.07
2211,9,2,6,3866.88
2212,9,11,6,3866.88
2213,9,3,6,1221.46
2214,9,12,6,1221.46
2215,9,4,6,23665.35
2216,9,13,6,18540.71
2217,9,14,6,5114.22
2218,9,15,6,10.42
2219,9,5,6,656.72
2220,9,16,6,2.20
2221,9,17,6,0.00
2222,9,18,6,15.80
2223,9,19,6,638.73
2224,9,20,6,0.00
2225,9,21,6,0.00
2226,9,6,6,13828.08
2227,9,22,6,7536.57
2228,9,23,6,5409.10
2229,9,24,6,882.41
2230,9,7,6,970.71
2231,9,25,6,69.77
2232,9,26,6,85.45
2233,9,27,6,185.82
2234,9,28,6,608.03
2235,9,29,6,0.00
2236,9,30,6,0.00
2237,9,31,6,21.65
2238,9,8,6,2881.38
2239,9,32,6,2881.38
2240,9,9,6,0.00
2241,14,1,6,5265.14
2242,14,10,6,5265.14
2243,14,2,6,2247.34
2244,14,11,6,2247.34
2245,14,3,6,223.27
2246,14,12,6,223.27
2247,14,4,6,369.49
2248,14,13,6,368.14
2249,14,14,6,1.35
2250,14,15,6,0.00
2251,14,5,6,1047.50
2252,14,16,6,0.99
2253,14,17,6,0.00
2254,14,18,6,97.96
2255,14,19,6,884.24
2256,14,20,6,64.30
2257,14,21,6,0.00
2258,14,6,6,3943.20
2259,14,22,6,2389.50
2260,14,23,6,1393.70
2261,14,24,6,160.00
2262,14,7,6,9.89
2263,14,25,6,9.89
2264,14,26,6,0.00
2265,14,27,6,0.00
2266,14,28,6,0.00
2267,14,29,6,0.00
2268,14,30,6,0.00
2269,14,31,6,0.00
2270,14,8,6,272.17
2271,14,32,6,272.17
2272,14,9,6,10.03
2273,13,1,6,19050.11
2274,13,10,6,19050.11
2275,13,2,6,1065.24
2276,13,11,6,1065.24
2277,13,3,6,358.44
2278,13,12,6,358.44
2279,13,4,6,3605.80
2280,13,13,6,3456.61
2281,13,14,6,149.19
2282,13,15,6,0.00
2283,13,5,6,557.16
2284,13,16,6,51.07
2285,13,17,6,0.00
2286,13,18,6,0.12
2287,13,19,6,401.92
2288,13,20,6,104.04
2289,13,21,6,0.00
2290,13,6,6,11641.18
2291,13,22,6,7691.71
2292,13,23,6,2767.50
2293,13,24,6,1181.97
2294,13,7,6,1380.70
2295,13,25,6,370.63
2296,13,26,6,683.43
2297,13,27,6,39.46
2298,13,28,6,287.18
2299,13,29,6,0.00
2300,13,30,6,0.00
2301,13,31,6,0.00
2302,13,8,6,1475.93
2303,13,32,6,1475.93
2304,13,9,6,0.00
2305,8,1,6,13524.73
2306,8,10,6,13524.73
2307,8,2,6,390.06
2308,8,11,6,390.06
2309,8,3,6,961.06
2310,8,12,6,961.06
2311,8,4,6,7332.30
2312,8,13,6,6466.61
2313,8,14,6,865.69
2314,8,15,6,0.00
2315,8,5,6,61.47
2316,8,16,6,0.00
2317,8,17,6,0.00
2318,8,18,6,0.00
2319,8,19,6,61.47
2320,8,20,6,0.00
2321,8,21,6,0.00
2322,8,6,6,5105.86
2323,8,22,6,2469.84
2324,8,23,6,1882.96
2325,8,24,6,753.07
2326,8,7,6,868.85
2327,8,25,6,142.35
2328,8,26,6,619.35
2329,8,27,6,19.45
2330,8,28,6,78.54
2331,8,29,6,0.00
2332,8,30,6,0.00
2333,8,31,6,9.16
2334,8,8,6,291.24
2335,8,32,6,291.24
2336,8,9,6,0.00
2337,11,1,6,57302.93
2338,11,10,6,57302.93
2339,11,2,6,4457.94
2340,11,11,6,4457.94
2341,11,3,6,5471.84
2342,11,12,6,5471.84
2343,11,4,6,31604.88
2344,11,13,6,20803.33
2345,11,14,6,10801.55
2346,11,15,6,0.00
2347,11,5,6,4677.76
2348,11,16,6,0.00
2349,11,17,6,0.00
2350,11,18,6,0.00
2351,11,19,6,4291.78
2352,11,20,6,385.98
2353,11,21,6,0.00
2354,11,6,6,22476.21
2355,11,22,6,10371.68
2356,11,23,6,9675.12
2357,11,24,6,2429.41
2358,11,7,6,2386.75
2359,11,25,6,813.07
2360,11,26,6,625.99
2361,11,27,6,0.00
2362,11,28,6,884.24
2363,11,29,6,0.00
2364,11,30,6,0.00
2365,11,31,6,63.45
2366,11,8,6,2773.10
2367,11,32,6,2773.10
2368,11,9,6,11.71
2369,12,1,6,106690.57
2370,12,10,6,106690.57
2371,12,2,6,7847.56
2372,12,11,6,7847.56
2373,12,3,6,6865.71
2374,12,12,6,6865.71
2375,12,4,6,57394.91
2376,12,13,6,30766.25
2377,12,14,6,26628.66
2378,12,15,6,0.00
2379,12,5,6,849.45
2380,12,16,6,144.46
2381,12,17,6,0.00
2382,12,18,6,0.00
2383,12,19,6,704.99
2384,12,20,6,0.00
2385,12,21,6,0.00
2386,12,6,6,44197.06
2387,12,22,6,17087.10
2388,12,23,6,23716.82
2389,12,24,6,3393.14
2390,12,7,6,1669.68
2391,12,25,6,453.42
2392,12,26,6,453.53
2393,12,27,6,47.24
2394,12,28,6,469.04
2395,12,29,6,246.44
2396,12,30,6,0.00
2397,12,31,6,0.00
2398,12,8,6,5588.33
2399,12,32,6,5588.33
2400,12,9,6,0.00
2401,1,1,6,10845.14
2402,1,10,6,10845.14
2403,1,2,6,768.68
2404,1,11,6,768.68
2405,1,3,6,1856.55
2406,1,12,6,1856.55
2407,1,4,6,2805.98
2408,1,13,6,1087.36
2409,1,14,6,1718.62
2410,1,15,6,0.00
2411,1,5,6,183.78
2412,1,16,6,0.00
2413,1,17,6,0.00
2414,1,18,6,0.00
2415,1,19,6,183.78
2416,1,20,6,0.00
2417,1,21,6,0.00
2418,1,6,6,9238.95
2419,1,22,6,4507.30
2420,1,23,6,3996.10
2421,1,24,6,735.55
2422,1,7,6,514.99
2423,1,25,6,514.99
2424,1,26,6,0.00
2425,1,27,6,0.00
2426,1,28,6,0.00
2427,1,29,6,0.00
2428,1,30,6,0.00
2429,1,31,6,0.00
2430,1,8,6,0.00
2431,1,32,6,0.00
2432,1,9,6,0.00
2433,10,1,6,13051.33
2434,10,10,6,13051.33
2435,10,2,6,372.03
2436,10,11,6,372.03
2437,10,3,6,230.16
2438,10,12,6,230.16
2439,10,4,6,6513.37
2440,10,13,6,5950.20
2441,10,14,6,553.27
2442,10,15,6,9.91
2443,10,5,6,563.99
2444,10,16,6,0.00
2445,10,17,6,0.00
2446,10,18,6,0.00
2447,10,19,6,563.99
2448,10,20,6,0.00
2449,10,21,6,0.00
2450,10,6,6,3843.54
2451,10,22,6,2034.12
2452,10,23,6,1376.29
2453,10,24,6,433.14
2454,10,7,6,1.83
2455,10,25,6,1.83
2456,10,26,6,0.00
2457,10,27,6,0.00
2458,10,28,6,0.00
2459,10,29,6,0.00
2460,10,30,6,0.00
2461,10,31,6,0.00
2462,10,8,6,657.94
2463,10,32,6,657.94
2464,10,9,6,0.00
2465,4,1,6,22346.56
2466,4,10,6,22346.56
2467,4,2,6,608.63
2468,4,11,6,608.63
2469,4,3,6,652.95
2470,4,12,6,652.95
2471,4,4,6,11934.44
2472,4,13,6,10052.78
2473,4,14,6,1881.66
2474,4,15,6,0.00
2475,4,5,6,486.22
2476,4,16,6,0.00
2477,4,17,6,0.00
2478,4,18,6,0.00
2479,4,19,6,403.91
2480,4,20,6,82.30
2481,4,21,6,0.00
2482,4,6,6,9705.11
2483,4,22,6,4373.64
2484,4,23,6,4288.02
2485,4,24,6,1043.44
2486,4,7,6,226.61
2487,4,25,6,0.00
2488,4,26,6,0.00
2489,4,27,6,16.53
2490,4,28,6,205.80
2491,4,29,6,0.00
2492,4,30,6,4.27
2493,4,31,6,0.00
2494,4,8,6,22.43
2495,4,32,6,22.43
2496,4,9,6,0.00
2497,3,1,6,25900.10
2498,3,10,6,25900.10
2499,3,2,6,2049.02
2500,3,11,6,2049.02
2501,3,3,6,7743.17
2502,3,12,6,7743.17
2503,3,4,6,18420.61
2504,3,13,6,14720.45
2505,3,14,6,3588.96
2506,3,15,6,111.20
2507,3,5,6,86.62
2508,3,16,6,0.24
2509,3,17,6,0.00
2510,3,18,6,0.00
2511,3,19,6,86.39
2512,3,20,6,0.00
2513,3,21,6,0.00
2514,3,6,6,10887.09
2515,3,22,6,5277.90
2516,3,23,6,4456.89
2517,3,24,6,1152.30
2518,3,7,6,1225.07
2519,3,25,6,46.73
2520,3,26,6,187.77
2521,3,27,6,0.00
2522,3,28,6,346.00
2523,3,29,6,612.01
2524,3,30,6,0.00
2525,3,31,6,32.55
2526,3,8,6,409.32
2527,3,32,6,409.32
2528,3,9,6,0.00
2529,2,1,7,206371.48
2530,2,10,7,206371.48
2531,2,2,7,42864.87
2532,2,11,7,42864.87
2533,2,3,7,43821.88
2534,2,12,7,43821.88
2535,2,4,7,104830.93
2536,2,13,7,50701.24
2537,2,14,7,54129.69
2538,2,15,7,0.00
2539,2,5,7,20844.67
2540,2,16,7,32.56
2541,2,17,7,0.00
2542,2,18,7,0.00
2543,2,19,7,19245.18
2544,2,20,7,1566.93
2545,2,21,7,0.00
2546,2,6,7,79204.52
2547,2,22,7,39481.44
2548,2,23,7,31241.23
2549,2,24,7,8481.84
2550,2,7,7,10756.66
2551,2,25,7,364.27
2552,2,26,7,1714.93
2553,2,27,7,0.00
2554,2,28,7,1277.05
2555,2,29,7,6946.11
2556,2,30,7,0.00
2557,2,31,7,454.30
2558,2,8,7,14129.65
2559,2,32,7,14129.65
2560,2,9,7,0.00
2561,6,1,7,151091.05
2562,6,10,7,151091.05
2563,6,2,7,9869.41
2564,6,11,7,9869.41
2565,6,3,7,30348.73
2566,6,12,7,30348.73
2567,6,4,7,89089.24
2568,6,13,7,43506.74
2569,6,14,7,41436.76
2570,6,15,7,4145.75
2571,6,5,7,1622.49
2572,6,16,7,5.73
2573,6,17,7,0.00
2574,6,18,7,49.67
2575,6,19,7,1400.65
2576,6,20,7,166.45
2577,6,21,7,0.00
2578,6,6,7,65672.89
2579,6,22,7,33792.03
2580,6,23,7,23109.89
2581,6,24,7,8770.97
2582,6,7,7,1190.55
2583,6,25,7,64.85
2584,6,26,7,756.46
2585,6,27,7,90.33
2586,6,28,7,108.88
2587,6,29,7,0.00
2588,6,30,7,0.00
2589,6,31,7,170.03
2590,6,8,7,10257.79
2591,6,32,7,10257.79
2592,6,9,7,0.00
2593,7,1,7,129849.04
2594,7,10,7,129849.04
2595,7,2,7,14906.03
2596,7,11,7,14906.03
2597,7,3,7,29797.01
2598,7,12,7,29797.01
2599,7,4,7,90657.53
2600,7,13,7,44858.03
2601,7,14,7,45799.50
2602,7,15,7,0.00
2603,7,5,7,13495.93
2604,7,16,7,15.50
2605,7,17,7,0.05
2606,7,18,7,0.00
2607,7,19,7,12837.81
2608,7,20,7,642.56
2609,7,21,7,0.00
2610,7,6,7,45161.51
2611,7,22,7,22706.85
2612,7,23,7,19120.56
2613,7,24,7,3334.09
2614,7,7,7,2245.76
2615,7,25,7,100.42
2616,7,26,7,1116.33
2617,7,27,7,126.98
2618,7,28,7,792.87
2619,7,29,7,0.00
2620,7,30,7,0.00
2621,7,31,7,109.16
2622,7,8,7,6062.25
2623,7,32,7,6062.25
2624,7,9,7,0.00
2625,9,1,7,53506.35
2626,9,10,7,53506.35
2627,9,2,7,4613.58
2628,9,11,7,4613.58
2629,9,3,7,1526.51
2630,9,12,7,1526.51
2631,9,4,7,28074.41
2632,9,13,7,21682.95
2633,9,14,7,6323.69
2634,9,15,7,67.77
2635,9,5,7,744.90
2636,9,16,7,2.20
2637,9,17,7,0.00
2638,9,18,7,17.04
2639,9,19,7,725.65
2640,9,20,7,0.00
2641,9,21,7,0.00
2642,9,6,7,16493.10
2643,9,22,7,9058.37
2644,9,23,7,6404.83
2645,9,24,7,1029.90
2646,9,7,7,1098.86
2647,9,25,7,69.82
2648,9,26,7,102.94
2649,9,27,7,212.27
2650,9,28,7,689.45
2651,9,29,7,0.00
2652,9,30,7,0.00
2653,9,31,7,24.38
2654,9,8,7,3408.27
2655,9,32,7,3408.27
2656,9,9,7,0.00
2657,14,1,7,6036.02
2658,14,10,7,6036.02
2659,14,2,7,2697.57
2660,14,11,7,2697.57
2661,14,3,7,235.81
2662,14,12,7,235.81
2663,14,4,7,417.01
2664,14,13,7,415.35
2665,14,14,7,1.65
2666,14,15,7,0.00
2667,14,5,7,1203.23
2668,14,16,7,0.99
2669,14,17,7,0.00
2670,14,18,7,97.96
2671,14,19,7,1045.29
2672,14,20,7,58.98
2673,14,21,7,0.00
2674,14,6,7,4556.29
2675,14,22,7,2764.77
2676,14,23,7,1612.25
2677,14,24,7,179.28
2678,14,7,7,10.02
2679,14,25,7,10.02
2680,14,26,7,0.00
2681,14,27,7,0.00
2682,14,28,7,0.00
2683,14,29,7,0.00
2684,14,30,7,0.00
2685,14,31,7,0.00
2686,14,8,7,330.40
2687,14,32,7,330.40
2688,14,9,7,10.03
2689,13,1,7,22354.48
2690,13,10,7,22354.48
2691,13,2,7,1240.14
2692,13,11,7,1240.14
2693,13,3,7,404.21
2694,13,12,7,404.21
2695,13,4,7,4472.55
2696,13,13,7,4035.12
2697,13,14,7,437.43
2698,13,15,7,0.00
2699,13,5,7,640.96
2700,13,16,7,49.51
2701,13,17,7,0.00
2702,13,18,7,0.12
2703,13,19,7,469.95
2704,13,20,7,121.38
2705,13,21,7,0.00
2706,13,6,7,13615.74
2707,13,22,7,8961.28
2708,13,23,7,3287.16
2709,13,24,7,1367.30
2710,13,7,7,1479.79
2711,13,25,7,422.89
2712,13,26,7,683.43
2713,13,27,7,42.64
2714,13,28,7,330.83
2715,13,29,7,0.00
2716,13,30,7,0.00
2717,13,31,7,0.00
2718,13,8,7,1705.54
2719,13,32,7,1705.54
2720,13,9,7,0.00
2721,8,1,7,15523.51
2722,8,10,7,15523.51
2723,8,2,7,447.95
2724,8,11,7,447.95
2725,8,3,7,1002.58
2726,8,12,7,1002.58
2727,8,4,7,8376.04
2728,8,13,7,7479.88
2729,8,14,7,896.16
2730,8,15,7,0.00
2731,8,5,7,70.91
2732,8,16,7,0.00
2733,8,17,7,0.00
2734,8,18,7,0.00
2735,8,19,7,70.91
2736,8,20,7,0.00
2737,8,21,7,0.00
2738,8,6,7,5967.85
2739,8,22,7,2953.76
2740,8,23,7,2129.11
2741,8,24,7,884.98
2742,8,7,7,890.40
2743,8,25,7,153.22
2744,8,26,7,619.35
2745,8,27,7,19.45
2746,8,28,7,89.11
2747,8,29,7,0.00
2748,8,30,7,0.00
2749,8,31,7,9.27
2750,8,8,7,349.35
2751,8,32,7,349.35
2752,8,9,7,0.00
2753,11,1,7,66670.82
2754,11,10,7,66670.82
2755,11,2,7,5217.72
2756,11,11,7,5217.72
2757,11,3,7,6446.45
2758,11,12,7,6446.45
2759,11,4,7,35732.22
2760,11,13,7,24191.53
2761,11,14,7,11540.70
2762,11,15,7,0.00
2763,11,5,7,7545.52
2764,11,16,7,0.00
2765,11,17,7,0.00
2766,11,18,7,0.00
2767,11,19,7,7322.32
2768,11,20,7,223.20
2769,11,21,7,0.00
2770,11,6,7,26175.35
2771,11,22,7,12054.38
2772,11,23,7,11338.22
2773,11,24,7,2782.74
2774,11,7,7,2569.96
2775,11,25,7,823.51
2776,11,26,7,651.25
2777,11,27,7,0.00
2778,11,28,7,1021.45
2779,11,29,7,0.00
2780,11,30,7,0.00
2781,11,31,7,73.76
2782,11,8,7,2863.82
2783,11,32,7,2863.82
2784,11,9,7,11.71
2785,12,1,7,123479.81
2786,12,10,7,123479.81
2787,12,2,7,9332.39
2788,12,11,7,9332.39
2789,12,3,7,7835.03
2790,12,12,7,7835.03
2791,12,4,7,65922.68
2792,12,13,7,35874.98
2793,12,14,7,30047.70
2794,12,15,7,0.00
2795,12,5,7,952.04
2796,12,16,7,175.43
2797,12,17,7,0.00
2798,12,18,7,0.00
2799,12,19,7,776.61
2800,12,20,7,0.00
2801,12,21,7,0.00
2802,12,6,7,52158.76
2803,12,22,7,20088.11
2804,12,23,7,28110.59
2805,12,24,7,3960.06
2806,12,7,7,1842.10
2807,12,25,7,493.64
2808,12,26,7,492.94
2809,12,27,7,58.16
2810,12,28,7,542.54
2811,12,29,7,254.82
2812,12,30,7,0.00
2813,12,31,7,0.00
2814,12,8,7,6426.72
2815,12,32,7,6426.72
2816,12,9,7,0.00
2817,1,1,7,13245.35
2818,1,10,7,13245.35
2819,1,2,7,987.93
2820,1,11,7,987.93
2821,1,3,7,2032.70
2822,1,12,7,2032.70
2823,1,4,7,3468.05
2824,1,13,7,1296.03
2825,1,14,7,2172.03
2826,1,15,7,0.00
2827,1,5,7,190.34
2828,1,16,7,0.00
2829,1,17,7,0.00
2830,1,18,7,0.00
2831,1,19,7,190.34
2832,1,20,7,0.00
2833,1,21,7,0.00
2834,1,6,7,10990.37
2835,1,22,7,5308.94
2836,1,23,7,4819.44
2837,1,24,7,862.00
2838,1,7,7,664.99
2839,1,25,7,664.99
2840,1,26,7,0.00
2841,1,27,7,0.00
2842,1,28,7,0.00
2843,1,29,7,0.00
2844,1,30,7,0.00
2845,1,31,7,0.00
2846,1,8,7,45.63
2847,1,32,7,45.63
2848,1,9,7,0.00
2849,10,1,7,15137.90
2850,10,10,7,15137.90
2851,10,2,7,441.98
2852,10,11,7,441.98
2853,10,3,7,234.39
2854,10,12,7,234.39
2855,10,4,7,7465.39
2856,10,13,7,6820.04
2857,10,14,7,635.44
2858,10,15,7,9.91
2859,10,5,7,688.55
2860,10,16,7,0.00
2861,10,17,7,0.00
2862,10,18,7,0.00
2863,10,19,7,688.55
2864,10,20,7,0.00
2865,10,21,7,0.00
2866,10,6,7,4497.53
2867,10,22,7,2384.13
2868,10,23,7,1621.74
2869,10,24,7,491.66
2870,10,7,7,1.83
2871,10,25,7,1.83
2872,10,26,7,0.00
2873,10,27,7,0.00
2874,10,28,7,0.00
2875,10,29,7,0.00
2876,10,30,7,0.00
2877,10,31,7,0.00
2878,10,8,7,768.12
2879,10,32,7,768.12
2880,10,9,7,0.00
2881,4,1,7,26202.57
2882,4,10,7,26202.57
2883,4,2,7,743.04
2884,4,11,7,743.04
2885,4,3,7,671.42
2886,4,12,7,671.42
2887,4,4,7,14080.83
2888,4,13,7,11803.38
2889,4,14,7,2277.45
2890,4,15,7,0.00
2891,4,5,7,603.15
2892,4,16,7,0.00
2893,4,17,7,0.00
2894,4,18,7,0.00
2895,4,19,7,510.19
2896,4,20,7,92.97
2897,4,21,7,0.00
2898,4,6,7,11325.81
2899,4,22,7,5105.64
2900,4,23,7,5004.74
2901,4,24,7,1215.43
2902,4,7,7,268.29
2903,4,25,7,0.00
2904,4,26,7,0.00
2905,4,27,7,18.04
2906,4,28,7,246.08
2907,4,29,7,0.00
2908,4,30,7,4.18
2909,4,31,7,0.00
2910,4,8,7,22.43
2911,4,32,7,22.43
2912,4,9,7,0.00
2913,3,1,7,30397.50
2914,3,10,7,30397.50
2915,3,2,7,2462.95
2916,3,11,7,2462.95
2917,3,3,7,8728.33
2918,3,12,7,8728.33
2919,3,4,7,21744.70
2920,3,13,7,17314.45
2921,3,14,7,4305.79
2922,3,15,7,124.46
2923,3,5,7,100.01
2924,3,16,7,0.24
2925,3,17,7,0.00
2926,3,18,7,0.00
2927,3,19,7,99.77
2928,3,20,7,0.00
2929,3,21,7,0.00
2930,3,6,7,12592.86
2931,3,22,7,6156.48
2932,3,23,7,5101.57
2933,3,24,7,1334.81
2934,3,7,7,1790.82
2935,3,25,7,46.73
2936,3,26,7,212.77
2937,3,27,7,0.00
2938,3,28,7,399.14
2939,3,29,7,1094.71
2940,3,30,7,0.00
2941,3,31,7,37.46
2942,3,8,7,418.32
2943,3,32,7,418.32
2944,3,9,7,0.00
2945,2,1,8,237028.77
2946,2,10,8,237028.77
2947,2,2,8,49200.88
2948,2,11,8,49200.88
2949,2,3,8,46176.46
2950,2,12,8,46176.46
2951,2,4,8,121907.65
2952,2,13,8,57722.81
2953,2,14,8,64184.85
2954,2,15,8,0.00
2955,2,5,8,24139.43
2956,2,16,8,33.80
2957,2,17,8,0.00
2958,2,18,8,0.00
2959,2,19,8,22172.61
2960,2,20,8,1933.02
2961,2,21,8,0.00
2962,2,6,8,92582.77
2963,2,22,8,46091.19
2964,2,23,8,36477.05
2965,2,24,8,10014.54
2966,2,7,8,11033.67
2967,2,25,8,431.90
2968,2,26,8,1776.42
2969,2,27,8,0.00
2970,2,28,8,1456.54
2971,2,29,8,6872.57
2972,2,30,8,0.00
2973,2,31,8,496.24
2974,2,8,8,15265.30
2975,2,32,8,15265.30
2976,2,9,8,0.00
2977,6,1,8,173518.32
2978,6,10,8,173518.32
2979,6,2,8,11228.60
2980,6,11,8,11228.60
2981,6,3,8,31809.40
2982,6,12,8,31809.40
2983,6,4,8,99232.40
2984,6,13,8,49636.95
2985,6,14,8,44320.41
2986,6,15,8,5275.04
2987,6,5,8,1914.28
2988,6,16,8,6.01
2989,6,17,8,0.00
2990,6,18,8,56.77
2991,6,19,8,1618.33
2992,6,20,8,233.17
2993,6,21,8,0.00
2994,6,6,8,75054.63
2995,6,22,8,38649.80
2996,6,23,8,26292.52
2997,6,24,8,10112.30
2998,6,7,8,1257.21
2999,6,25,8,65.85
3000,6,26,8,805.76
3001,6,27,8,95.55
3002,6,28,8,119.11
3003,6,29,8,0.00
3004,6,30,8,0.00
3005,6,31,8,170.94
3006,6,8,8,11631.86
3007,6,32,8,11631.86
3008,6,9,8,0.00
3009,7,1,8,149233.60
3010,7,10,8,149233.60
3011,7,2,8,17028.97
3012,7,11,8,17028.97
3013,7,3,8,39240.18
3014,7,12,8,39240.18
3015,7,4,8,107482.68
3016,7,13,8,51161.42
3017,7,14,8,56321.26
3018,7,15,8,0.00
3019,7,5,8,15765.54
3020,7,16,8,15.51
3021,7,17,8,0.05
3022,7,18,8,0.00
3023,7,19,8,14991.05
3024,7,20,8,758.92
3025,7,21,8,0.00
3026,7,6,8,51722.54
3027,7,22,8,25999.71
3028,7,23,8,21933.62
3029,7,24,8,3789.21
3030,7,7,8,2451.46
3031,7,25,8,127.76
3032,7,26,8,1149.18
3033,7,27,8,154.25
3034,7,28,8,907.68
3035,7,29,8,0.00
3036,7,30,8,0.00
3037,7,31,8,112.58
3038,7,8,8,7459.96
3039,7,32,8,7459.96
3040,7,9,8,0.00
3041,9,1,8,61755.38
3042,9,10,8,61755.38
3043,9,2,8,5213.58
3044,9,11,8,5213.58
3045,9,3,8,2296.42
3046,9,12,8,2296.42
3047,9,4,8,32205.46
3048,9,13,8,24791.41
3049,9,14,8,7340.39
3050,9,15,8,73.65
3051,9,5,8,847.61
3052,9,16,8,2.33
3053,9,17,8,0.00
3054,9,18,8,18.41
3055,9,19,8,826.87
3056,9,20,8,0.00
3057,9,21,8,0.00
3058,9,6,8,19117.74
3059,9,22,8,10519.20
3060,9,23,8,7407.69
3061,9,24,8,1190.86
3062,9,7,8,1363.50
3063,9,25,8,68.64
3064,9,26,8,235.69
3065,9,27,8,245.41
3066,9,28,8,787.04
3067,9,29,8,0.00
3068,9,30,8,0.00
3069,9,31,8,26.71
3070,9,8,8,3880.18
3071,9,32,8,3880.18
3072,9,9,8,0.00
3073,14,1,8,6727.91
3074,14,10,8,6727.91
3075,14,2,8,3126.41
3076,14,11,8,3126.41
3077,14,3,8,235.81
3078,14,12,8,235.81
3079,14,4,8,500.24
3080,14,13,8,490.07
3081,14,14,8,10.17
3082,14,15,8,0.00
3083,14,5,8,1347.41
3084,14,16,8,0.99
3085,14,17,8,0.00
3086,14,18,8,97.96
3087,14,19,8,1189.48
3088,14,20,8,58.98
3089,14,21,8,0.00
3090,14,6,8,5151.43
3091,14,22,8,3139.54
3092,14,23,8,1813.57
3093,14,24,8,198.32
3094,14,7,8,10.08
3095,14,25,8,10.08
3096,14,26,8,0.00
3097,14,27,8,0.00
3098,14,28,8,0.00
3099,14,29,8,0.00
3100,14,30,8,0.00
3101,14,31,8,0.00
3102,14,8,8,374.37
3103,14,32,8,374.37
3104,14,9,8,10.03
3105,13,1,8,25532.96
3106,13,10,8,25532.96
3107,13,2,8,1421.19
3108,13,11,8,1421.19
3109,13,3,8,446.44
3110,13,12,8,446.44
3111,13,4,8,4949.75
3112,13,13,8,4618.63
3113,13,14,8,331.12
3114,13,15,8,0.00
3115,13,5,8,730.09
3116,13,16,8,55.94
3117,13,17,8,0.00
3118,13,18,8,0.12
3119,13,19,8,535.30
3120,13,20,8,138.73
3121,13,21,8,0.00
3122,13,6,8,15590.21
3123,13,22,8,10247.59
3124,13,23,8,3783.25
3125,13,24,8,1559.36
3126,13,7,8,1585.91
3127,13,25,8,478.72
3128,13,26,8,683.43
3129,13,27,8,44.26
3130,13,28,8,379.50
3131,13,29,8,0.00
3132,13,30,8,0.00
3133,13,31,8,0.00
3134,13,8,8,2035.18
3135,13,32,8,2035.18
3136,13,9,8,0.00
3137,8,1,8,17493.75
3138,8,10,8,17493.75
3139,8,2,8,506.80
3140,8,11,8,506.80
3141,8,3,8,1012.33
3142,8,12,8,1012.33
3143,8,4,8,9426.63
3144,8,13,8,8516.02
3145,8,14,8,910.61
3146,8,15,8,0.00
3147,8,5,8,79.06
3148,8,16,8,0.00
3149,8,17,8,0.00
3150,8,18,8,0.00
3151,8,19,8,79.06
3152,8,20,8,0.00
3153,8,21,8,0.00
3154,8,6,8,6820.15
3155,8,22,8,3443.59
3156,8,23,8,2423.47
3157,8,24,8,953.09
3158,8,7,8,915.78
3159,8,25,8,168.04
3160,8,26,8,619.35
3161,8,27,8,19.45
3162,8,28,8,99.68
3163,8,29,8,0.00
3164,8,30,8,0.00
3165,8,31,8,9.27
3166,8,8,8,392.27
3167,8,32,8,392.27
3168,8,9,8,0.00
3169,11,1,8,76037.49
3170,11,10,8,76037.49
3171,11,2,8,6004.42
3172,11,11,8,6004.42
3173,11,3,8,7698.39
3174,11,12,8,7698.39
3175,11,4,8,41019.24
3176,11,13,8,27566.01
3177,11,14,8,13453.22
3178,11,15,8,0.00
3179,11,5,8,8764.92
3180,11,16,8,0.00
3181,11,17,8,0.00
3182,11,18,8,0.00
3183,11,19,8,8490.09
3184,11,20,8,274.83
3185,11,21,8,0.00
3186,11,6,8,29808.24
3187,11,22,8,13753.98
3188,11,23,8,12946.24
3189,11,24,8,3108.03
3190,11,7,8,3020.76
3191,11,25,8,829.05
3192,11,26,8,938.72
3193,11,27,8,0.00
3194,11,28,8,1158.59
3195,11,29,8,0.00
3196,11,30,8,0.00
3197,11,31,8,94.40
3198,11,8,8,3303.75
3199,11,32,8,3303.75
3200,11,9,8,11.71
3201,12,1,8,140987.90
3202,12,10,8,140987.90
3203,12,2,8,10765.64
3204,12,11,8,10765.64
3205,12,3,8,8479.11
3206,12,12,8,8479.11
3207,12,4,8,79424.75
3208,12,13,8,40907.81
3209,12,14,8,38516.94
3210,12,15,8,0.00
3211,12,5,8,1032.88
3212,12,16,8,192.44
3213,12,17,8,0.00
3214,12,18,8,0.00
3215,12,19,8,840.44
3216,12,20,8,0.00
3217,12,21,8,0.00
3218,12,6,8,60243.80
3219,12,22,8,23195.67
3220,12,23,8,32495.89
3221,12,24,8,4552.23
3222,12,7,8,1928.94
3223,12,25,8,493.82
3224,12,26,8,499.48
3225,12,27,8,61.45
3226,12,28,8,613.97
3227,12,29,8,260.24
3228,12,30,8,0.00
3229,12,31,8,0.00
3230,12,8,8,4630.55
3231,12,32,8,4630.55
3232,12,9,8,0.00
3233,1,1,8,15964.81
3234,1,10,8,15964.81
3235,1,2,8,1182.68
3236,1,11,8,1182.68
3237,1,3,8,2180.65
3238,1,12,8,2180.65
3239,1,4,8,4131.84
3240,1,13,8,1536.86
3241,1,14,8,2594.98
3242,1,15,8,0.00
3243,1,5,8,198.78
3244,1,16,8,0.00
3245,1,17,8,0.00
3246,1,18,8,0.00
3247,1,19,8,198.78
3248,1,20,8,0.00
3249,1,21,8,0.00
3250,1,6,8,12896.97
3251,1,22,8,6129.22
3252,1,23,8,5764.12
3253,1,24,8,1003.63
3254,1,7,8,814.99
3255,1,25,8,814.99
3256,1,26,8,0.00
3257,1,27,8,0.00
3258,1,28,8,0.00
3259,1,29,8,0.00
3260,1,30,8,0.00
3261,1,31,8,0.00
3262,1,8,8,70.50
3263,1,32,8,70.50
3264,1,9,8,0.00
3265,10,1,8,17226.33
3266,10,10,8,17226.33
3267,10,2,8,509.20
3268,10,11,8,509.20
3269,10,3,8,337.88
3270,10,12,8,337.88
3271,10,4,8,8458.64
3272,10,13,8,7686.46
3273,10,14,8,762.27
3274,10,15,8,9.91
3275,10,5,8,810.84
3276,10,16,8,0.00
3277,10,17,8,0.00
3278,10,18,8,0.00
3279,10,19,8,810.84
3280,10,20,8,0.00
3281,10,21,8,0.00
3282,10,6,8,5137.45
3283,10,22,8,2736.19
3284,10,23,8,1855.73
3285,10,24,8,545.53
3286,10,7,8,1.83
3287,10,25,8,1.83
3288,10,26,8,0.00
3289,10,27,8,0.00
3290,10,28,8,0.00
3291,10,29,8,0.00
3292,10,30,8,0.00
3293,10,31,8,0.00
3294,10,8,8,911.80
3295,10,32,8,911.80
3296,10,9,8,0.00
3297,4,1,8,30005.95
3298,4,10,8,30005.95
3299,4,2,8,818.40
3300,4,11,8,818.40
3301,4,3,8,686.94
3302,4,12,8,686.94
3303,4,4,8,16153.46
3304,4,13,8,13610.13
3305,4,14,8,2543.33
3306,4,15,8,0.00
3307,4,5,8,689.51
3308,4,16,8,0.00
3309,4,17,8,0.00
3310,4,18,8,0.00
3311,4,19,8,593.16
3312,4,20,8,96.35
3313,4,21,8,0.00
3314,4,6,8,12916.77
3315,4,22,8,5819.09
3316,4,23,8,5712.72
3317,4,24,8,1384.96
3318,4,7,8,308.77
3319,4,25,8,0.00
3320,4,26,8,0.00
3321,4,27,8,18.24
3322,4,28,8,286.35
3323,4,29,8,0.00
3324,4,30,8,4.18
3325,4,31,8,0.00
3326,4,8,8,22.43
3327,4,32,8,22.43
3328,4,9,8,0.00
3329,3,1,8,35144.60
3330,3,10,8,35144.60
3331,3,2,8,2954.10
3332,3,11,8,2954.10
3333,3,3,8,8864.72
3334,3,12,8,8864.72
3335,3,4,8,24694.93
3336,3,13,8,19960.58
3337,3,14,8,4607.29
3338,3,15,8,127.05
3339,3,5,8,114.47
3340,3,16,8,0.24
3341,3,17,8,0.00
3342,3,18,8,0.00
3343,3,19,8,114.24
3344,3,20,8,0.00
3345,3,21,8,0.00
3346,3,6,8,14513.32
3347,3,22,8,7020.89
3348,3,23,8,5970.57
3349,3,24,8,1521.86
3350,3,7,8,1849.62
3351,3,25,8,49.45
3352,3,26,8,215.06
3353,3,27,8,0.00
3354,3,28,8,451.51
3355,3,29,8,1095.06
3356,3,30,8,0.00
3357,3,31,8,38.54
3358,3,8,8,427.32
3359,3,32,8,427.32
3360,3,9,8,0.00
3361,2,1,9,267128.54
3362,2,10,9,267128.54
3363,2,2,9,55468.92
3364,2,11,9,55468.92
3365,2,3,9,50474.58
3366,2,12,9,50474.58
3367,2,4,9,134078.71
3368,2,13,9,63791.35
3369,2,14,9,70287.36
3370,2,15,9,0.00
3371,2,5,9,26993.51
3372,2,16,9,39.63
3373,2,17,9,0.00
3374,2,18,9,0.00
3375,2,19,9,24876.05
3376,2,20,9,2077.83
3377,2,21,9,0.00
3378,2,6,9,106468.71
3379,2,22,9,52328.36
3380,2,23,9,42682.07
3381,2,24,9,11458.28
3382,2,7,9,13009.53
3383,2,25,9,1332.37
3384,2,26,9,1932.54
3385,2,27,9,0.00
3386,2,28,9,1639.34
3387,2,29,9,7543.55
3388,2,30,9,0.00
3389,2,31,9,561.74
3390,2,8,9,17388.59
3391,2,32,9,17388.59
3392,2,9,9,0.00
3393,6,1,9,195171.72
3394,6,10,9,195171.72
3395,6,2,9,13340.55
3396,6,11,9,13340.55
3397,6,3,9,32969.30
3398,6,12,9,32969.30
3399,6,4,9,109294.78
3400,6,13,9,55684.32
3401,6,14,9,46743.70
3402,6,15,9,6866.77
3403,6,5,9,2100.79
3404,6,16,9,7.15
3405,6,17,9,0.00
3406,6,18,9,63.86
3407,6,19,9,1807.39
3408,6,20,9,222.38
3409,6,21,9,0.00
3410,6,6,9,84612.63
3411,6,22,9,43599.75
3412,6,23,9,29490.89
3413,6,24,9,11521.99
3414,6,7,9,1297.22
3415,6,25,9,70.04
3416,6,26,9,851.34
3417,6,27,9,102.50
3418,6,28,9,90.60
3419,6,29,9,0.00
3420,6,30,9,0.00
3421,6,31,9,182.73
3422,6,8,9,12987.64
3423,6,32,9,12987.64
3424,6,9,9,0.00
3425,7,1,9,168193.60
3426,7,10,9,168193.60
3427,7,2,9,19250.20
3428,7,11,9,19250.20
3429,7,3,9,42406.02
3430,7,12,9,42406.02
3431,7,4,9,120336.04
3432,7,13,9,57604.61
3433,7,14,9,62731.43
3434,7,15,9,0.00
3435,7,5,9,17695.36
3436,7,16,9,15.51
3437,7,17,9,0.05
3438,7,18,9,0.00
3439,7,19,9,16830.14
3440,7,20,9,849.65
3441,7,21,9,0.00
3442,7,6,9,58358.32
3443,7,22,9,29277.96
3444,7,23,9,24837.13
3445,7,24,9,4243.23
3446,7,7,9,2792.73
3447,7,25,9,136.12
3448,7,26,9,1373.36
3449,7,27,9,168.09
3450,7,28,9,992.03
3451,7,29,9,0.00
3452,7,30,9,0.00
3453,7,31,9,123.13
3454,7,8,9,8128.20
3455,7,32,9,8128.20
3456,7,9,9,0.00
3457,9,1,9,69983.71
3458,9,10,9,69983.71
3459,9,2,9,5510.65
3460,9,11,9,5510.65
3461,9,3,9,2350.74
3462,9,12,9,2350.74
3463,9,4,9,35939.84
3464,9,13,9,27892.01
3465,9,14,9,7970.34
3466,9,15,9,77.49
3467,9,5,9,1000.54
3468,9,16,9,30.45
3469,9,17,9,0.00
3470,9,18,9,19.11
3471,9,19,9,950.98
3472,9,20,9,0.00
3473,9,21,9,0.00
3474,9,6,9,21869.87
3475,9,22,9,11991.97
3476,9,23,9,8528.80
3477,9,24,9,1349.10
3478,9,7,9,1496.23
3479,9,25,9,69.99
3480,9,26,9,245.01
3481,9,27,9,274.18
3482,9,28,9,862.94
3483,9,29,9,0.00
3484,9,30,9,0.00
3485,9,31,9,44.11
3486,9,8,9,4118.13
3487,9,32,9,4118.13
3488,9,9,9,0.00
3489,14,1,9,7285.41
3490,14,10,9,7285.41
3491,14,2,9,3943.77
3492,14,11,9,3943.77
3493,14,3,9,280.81
3494,14,12,9,280.81
3495,14,4,9,530.56
3496,14,13,9,520.27
3497,14,14,9,10.29
3498,14,15,9,0.00
3499,14,5,9,1495.58
3500,14,16,9,0.99
3501,14,17,9,0.00
3502,14,18,9,97.96
3503,14,19,9,1357.48
3504,14,20,9,39.15
3505,14,21,9,0.00
3506,14,6,9,5732.35
3507,14,22,9,3481.75
3508,14,23,9,2032.82
3509,14,24,9,217.78
3510,14,7,9,10.15
3511,14,25,9,10.15
3512,14,26,9,0.00
3513,14,27,9,0.00
3514,14,28,9,0.00
3515,14,29,9,0.00
3516,14,30,9,0.00
3517,14,31,9,0.00
3518,14,8,9,483.43
3519,14,32,9,483.43
3520,14,9,9,10.03
3521,13,1,9,28653.12
3522,13,10,9,28653.12
3523,13,2,9,1610.54
3524,13,11,9,1610.54
3525,13,3,9,509.50
3526,13,12,9,509.50
3527,13,4,9,5705.73
3528,13,13,9,5232.58
3529,13,14,9,473.15
3530,13,15,9,0.00
3531,13,5,9,828.81
3532,13,16,9,63.03
3533,13,17,9,0.00
3534,13,18,9,0.12
3535,13,19,9,609.02
3536,13,20,9,156.63
3537,13,21,9,0.00
3538,13,6,9,17612.64
3539,13,22,9,11553.43
3540,13,23,9,4308.51
3541,13,24,9,1750.70
3542,13,7,9,1694.06
3543,13,25,9,530.88
3544,13,26,9,689.43
3545,13,27,9,45.54
3546,13,28,9,428.22
3547,13,29,9,0.00
3548,13,30,9,0.00
3549,13,31,9,0.00
3550,13,8,9,2157.12
3551,13,32,9,2157.12
3552,13,9,9,0.00
3553,8,1,9,19389.38
3554,8,10,9,19389.38
3555,8,2,9,574.61
3556,8,11,9,574.61
3557,8,3,9,1017.39
3558,8,12,9,1017.39
3559,8,4,9,10399.37
3560,8,13,9,9465.36
3561,8,14,9,934.01
3562,8,15,9,0.00
3563,8,5,9,76.19
3564,8,16,9,0.00
3565,8,17,9,0.00
3566,8,18,9,0.00
3567,8,19,9,76.19
3568,8,20,9,0.00
3569,8,21,9,0.00
3570,8,6,9,7774.57
3571,8,22,9,3915.20
3572,8,23,9,2758.36
3573,8,24,9,1101.01
3574,8,7,9,944.85
3575,8,25,9,186.53
3576,8,26,9,619.35
3577,8,27,9,19.45
3578,8,28,9,110.26
3579,8,29,9,0.00
3580,8,30,9,0.00
3581,8,31,9,9.27
3582,8,8,9,472.23
3583,8,32,9,472.23
3584,8,9,9,0.00
3585,11,1,9,85274.16
3586,11,10,9,85274.16
3587,11,2,9,6758.76
3588,11,11,9,6758.76
3589,11,3,9,7968.21
3590,11,12,9,7968.21
3591,11,4,9,45421.80
3592,11,13,9,30685.94
3593,11,14,9,14735.85
3594,11,15,9,0.00
3595,11,5,9,10127.69
3596,11,16,9,0.00
3597,11,17,9,0.00
3598,11,18,9,0.00
3599,11,19,9,9782.44
3600,11,20,9,345.25
3601,11,21,9,0.00
3602,11,6,9,33477.08
3603,11,22,9,15349.62
3604,11,23,9,14698.33
3605,11,24,9,3429.13
3606,11,7,9,3193.12
3607,11,25,9,834.80
3608,11,26,9,955.14
3609,11,27,9,0.00
3610,11,28,9,1301.35
3611,11,29,9,0.00
3612,11,30,9,0.00
3613,11,31,9,101.83
3614,11,8,9,3542.90
3615,11,32,9,3542.90
3616,11,9,9,11.71
3617,12,1,9,157906.67
3618,12,10,9,157906.67
3619,12,2,9,12281.06
3620,12,11,9,12281.06
3621,12,3,9,10216.99
3622,12,12,9,10216.99
3623,12,4,9,92547.17
3624,12,13,9,45792.72
3625,12,14,9,46754.45
3626,12,15,9,0.00
3627,12,5,9,1106.80
3628,12,16,9,222.65
3629,12,17,9,0.00
3630,12,18,9,0.00
3631,12,19,9,884.15
3632,12,20,9,0.00
3633,12,21,9,0.00
3634,12,6,9,68170.14
3635,12,22,9,26189.31
3636,12,23,9,36857.11
3637,12,24,9,5123.72
3638,12,7,9,2335.60
3639,12,25,9,493.82
3640,12,26,9,843.62
3641,12,27,9,62.19
3642,12,28,9,669.69
3643,12,29,9,266.28
3644,12,30,9,0.00
3645,12,31,9,0.00
3646,12,8,9,4703.92
3647,12,32,9,4703.92
3648,12,9,9,0.00
3649,1,1,9,18510.21
3650,1,10,9,18510.21
3651,1,2,9,1327.37
3652,1,11,9,1327.37
3653,1,3,9,2403.37
3654,1,12,9,2403.37
3655,1,4,9,4910.03
3656,1,13,9,1772.17
3657,1,14,9,3137.86
3658,1,15,9,0.00
3659,1,5,9,209.85
3660,1,16,9,0.00
3661,1,17,9,0.00
3662,1,18,9,0.00
3663,1,19,9,209.85
3664,1,20,9,0.00
3665,1,21,9,0.00
3666,1,6,9,14672.25
3667,1,22,9,6849.22
3668,1,23,9,6676.33
3669,1,24,9,1146.70
3670,1,7,9,964.99
3671,1,25,9,964.99
3672,1,26,9,0.00
3673,1,27,9,0.00
3674,1,28,9,0.00
3675,1,29,9,0.00
3676,1,30,9,0.00
3677,1,31,9,0.00
3678,1,8,9,42.58
3679,1,32,9,42.58
3680,1,9,9,0.00
3681,10,1,9,19293.90
3682,10,10,9,19293.90
3683,10,2,9,578.78
3684,10,11,9,578.78
3685,10,3,9,347.25
3686,10,12,9,347.25
3687,10,4,9,9329.47
3688,10,13,9,8516.54
3689,10,14,9,803.02
3690,10,15,9,9.91
3691,10,5,9,931.95
3692,10,16,9,0.00
3693,10,17,9,0.00
3694,10,18,9,0.00
3695,10,19,9,931.95
3696,10,20,9,0.00
3697,10,21,9,0.00
3698,10,6,9,5781.12
3699,10,22,9,3076.99
3700,10,23,9,2103.52
3701,10,24,9,600.62
3702,10,7,9,1.83
3703,10,25,9,1.83
3704,10,26,9,0.00
3705,10,27,9,0.00
3706,10,28,9,0.00
3707,10,29,9,0.00
3708,10,30,9,0.00
3709,10,31,9,0.00
3710,10,8,9,840.83
3711,10,32,9,840.83
3712,10,9,9,0.00
3713,4,1,9,33769.17
3714,4,10,9,33769.17
3715,4,2,9,918.95
3716,4,11,9,918.95
3717,4,3,9,748.15
3718,4,12,9,748.15
3719,4,4,9,18104.46
3720,4,13,9,15350.53
3721,4,14,9,2753.93
3722,4,15,9,0.00
3723,4,5,9,824.82
3724,4,16,9,0.00
3725,4,17,9,0.00
3726,4,18,9,0.00
3727,4,19,9,703.54
3728,4,20,9,121.28
3729,4,21,9,0.00
3730,4,6,9,14503.17
3731,4,22,9,6484.95
3732,4,23,9,6464.62
3733,4,24,9,1553.60
3734,4,7,9,348.83
3735,4,25,9,0.00
3736,4,26,9,0.00
3737,4,27,9,18.61
3738,4,28,9,325.50
3739,4,29,9,0.00
3740,4,30,9,4.72
3741,4,31,9,0.00
3742,4,8,9,50.87
3743,4,32,9,50.87
3744,4,9,9,0.00
3745,3,1,9,39794.01
3746,3,10,9,39794.01
3747,3,2,9,3430.52
3748,3,11,9,3430.52
3749,3,3,9,9118.40
3750,3,12,9,9118.40
3751,3,4,9,27576.42
3752,3,13,9,22487.20
3753,3,14,9,4937.71
3754,3,15,9,151.50
3755,3,5,9,130.97
3756,3,16,9,0.24
3757,3,17,9,0.00
3758,3,18,9,0.00
3759,3,19,9,130.73
3760,3,20,9,0.00
3761,3,21,9,0.00
3762,3,6,9,16473.74
3763,3,22,9,7961.88
3764,3,23,9,6798.54
3765,3,24,9,1713.32
3766,3,7,9,2013.35
3767,3,25,9,55.15
3768,3,26,9,226.09
3769,3,27,9,0.00
3770,3,28,9,503.42
3771,3,29,9,1182.94
3772,3,30,9,0.00
3773,3,31,9,45.76
3774,3,8,9,435.82
3775,3,32,9,435.82
3776,3,9,9,0.00
3777,2,1,10,300973.84
3778,2,10,10,300973.84
3779,2,2,10,61886.82
3780,2,11,10,61886.82
3781,2,3,10,64436.71
3782,2,12,10,64436.71
3783,2,4,10,149487.23
3784,2,13,10,71361.22
3785,2,14,10,78126.00
3786,2,15,10,0.00
3787,2,5,10,29416.39
3788,2,16,10,86.95
3789,2,17,10,0.00
3790,2,18,10,0.00
3791,2,19,10,27735.89
3792,2,20,10,1593.55
3793,2,21,10,0.00
3794,2,6,10,119365.54
3795,2,22,10,58762.07
3796,2,23,10,47720.26
3797,2,24,10,12883.21
3798,2,7,10,17810.11
3799,2,25,10,2916.99
3800,2,26,10,2262.02
3801,2,27,10,0.00
3802,2,28,10,1762.33
3803,2,29,10,10249.53
3804,2,30,10,0.00
3805,2,31,10,619.23
3806,2,8,10,20894.81
3807,2,32,10,20894.81
3808,2,9,10,0.00
3809,6,1,10,217795.79
3810,6,10,10,217795.79
3811,6,2,10,14854.50
3812,6,11,10,14854.50
3813,6,3,10,34284.54
3814,6,12,10,34284.54
3815,6,4,10,118428.72
3816,6,13,10,62427.38
3817,6,14,10,48322.39
3818,6,15,10,7678.95
3819,6,5,10,2327.88
3820,6,16,10,7.01
3821,6,17,10,0.00
3822,6,18,10,70.96
3823,6,19,10,1994.52
3824,6,20,10,255.39
3825,6,21,10,0.00
3826,6,6,10,94762.97
3827,6,22,10,48602.77
3828,6,23,10,33201.37
3829,6,24,10,12958.83
3830,6,7,10,1424.88
3831,6,25,10,185.60
3832,6,26,10,854.35
3833,6,27,10,105.78
3834,6,28,10,89.16
3835,6,29,10,0.00
3836,6,30,10,0.00
3837,6,31,10,190.00
3838,6,8,10,14763.16
3839,6,32,10,14763.16
3840,6,9,10,0.00
3841,7,1,10,188022.20
3842,7,10,10,188022.20
3843,7,2,10,21479.87
3844,7,11,10,21479.87
3845,7,3,10,44959.25
3846,7,12,10,44959.25
3847,7,4,10,130991.54
3848,7,13,10,64047.50
3849,7,14,10,66944.04
3850,7,15,10,0.00
3851,7,5,10,19680.02
3852,7,16,10,15.60
3853,7,17,10,0.05
3854,7,18,10,0.00
3855,7,19,10,18729.69
3856,7,20,10,934.67
3857,7,21,10,0.00
3858,7,6,10,65231.37
3859,7,22,10,32607.36
3860,7,23,10,27929.49
3861,7,24,10,4694.52
3862,7,7,10,2935.25
3863,7,25,10,142.01
3864,7,26,10,1394.41
3865,7,27,10,180.92
3866,7,28,10,1093.64
3867,7,29,10,0.00
3868,7,30,10,0.00
3869,7,31,10,124.28
3870,7,8,10,9484.35
3871,7,32,10,9484.35
3872,7,9,10,0.00
3873,9,1,10,79083.43
3874,9,10,10,79083.43
3875,9,2,10,5863.20
3876,9,11,10,5863.20
3877,9,3,10,2460.32
3878,9,12,10,2460.32
3879,9,4,10,40063.38
3880,9,13,10,31430.04
3881,9,14,10,8548.63
3882,9,15,10,84.72
3883,9,5,10,1082.96
3884,9,16,10,30.50
3885,9,17,10,0.00
3886,9,18,10,22.46
3887,9,19,10,1030.00
3888,9,20,10,0.00
3889,9,21,10,0.00
3890,9,6,10,24495.95
3891,9,22,10,13461.69
3892,9,23,10,9522.47
3893,9,24,10,1511.79
3894,9,7,10,1638.56
3895,9,25,10,70.15
3896,9,26,10,265.16
3897,9,27,10,300.32
3898,9,28,10,955.07
3899,9,29,10,0.00
3900,9,30,10,0.00
3901,9,31,10,47.85
3902,9,8,10,4747.42
3903,9,32,10,4747.42
3904,9,9,10,0.00
3905,14,1,10,7806.02
3906,14,10,10,7806.02
3907,14,2,10,4311.91
3908,14,11,10,4311.91
3909,14,3,10,280.81
3910,14,12,10,280.81
3911,14,4,10,1831.21
3912,14,13,10,1821.27
3913,14,14,10,9.94
3914,14,15,10,0.00
3915,14,5,10,1658.05
3916,14,16,10,0.99
3917,14,17,10,0.00
3918,14,18,10,97.96
3919,14,19,10,1519.98
3920,14,20,10,39.12
3921,14,21,10,0.00
3922,14,6,10,6436.08
3923,14,22,10,3921.48
3924,14,23,10,2277.46
3925,14,24,10,237.14
3926,14,7,10,10.20
3927,14,25,10,10.20
3928,14,26,10,0.00
3929,14,27,10,0.00
3930,14,28,10,0.00
3931,14,29,10,0.00
3932,14,30,10,0.00
3933,14,31,10,0.00
3934,14,8,10,512.74
3935,14,32,10,512.74
3936,14,9,10,10.03
3937,13,1,10,31842.22
3938,13,10,10,31842.22
3939,13,2,10,1801.88
3940,13,11,10,1801.88
3941,13,3,10,576.04
3942,13,12,10,576.04
3943,13,4,10,6584.59
3944,13,13,10,5820.62
3945,13,14,10,763.97
3946,13,15,10,0.00
3947,13,5,10,1039.25
3948,13,16,10,67.05
3949,13,17,10,0.00
3950,13,18,10,0.12
3951,13,19,10,797.55
3952,13,20,10,174.53
3953,13,21,10,0.00
3954,13,6,10,19685.91
3955,13,22,10,12887.04
3956,13,23,10,4847.22
3957,13,24,10,1951.65
3958,13,7,10,1828.08
3959,13,25,10,611.59
3960,13,26,10,695.32
3961,13,27,10,48.06
3962,13,28,10,473.11
3963,13,29,10,0.00
3964,13,30,10,0.00
3965,13,31,10,0.00
3966,13,8,10,2016.48
3967,13,32,10,2016.48
3968,13,9,10,0.00
3969,8,1,10,21341.82
3970,8,10,10,21341.82
3971,8,2,10,655.64
3972,8,11,10,655.64
3973,8,3,10,1077.08
3974,8,12,10,1077.08
3975,8,4,10,11414.46
3976,8,13,10,10459.46
3977,8,14,10,954.99
3978,8,15,10,0.00
3979,8,5,10,84.93
3980,8,16,10,0.00
3981,8,17,10,0.00
3982,8,18,10,0.00
3983,8,19,10,84.93
3984,8,20,10,0.00
3985,8,21,10,0.00
3986,8,6,10,8877.97
3987,8,22,10,4570.98
3988,8,23,10,3081.16
3989,8,24,10,1225.83
3990,8,7,10,1118.25
3991,8,25,10,349.36
3992,8,26,10,619.35
3993,8,27,10,19.45
3994,8,28,10,120.83
3995,8,29,10,0.00
3996,8,30,10,0.00
3997,8,31,10,9.27
3998,8,8,10,340.65
3999,8,32,10,340.65
4000,8,9,10,0.00
4001,11,1,10,94929.78
4002,11,10,10,94929.78
4003,11,2,10,7507.66
4004,11,11,10,7507.66
4005,11,3,10,9319.91
4006,11,12,10,9319.91
4007,11,4,10,51252.12
4008,11,13,10,33952.72
4009,11,14,10,17299.40
4010,11,15,10,0.00
4011,11,5,10,11324.62
4012,11,16,10,0.00
4013,11,17,10,0.00
4014,11,18,10,0.00
4015,11,19,10,10905.71
4016,11,20,10,418.91
4017,11,21,10,0.00
4018,11,6,10,37203.51
4019,11,22,10,17042.47
4020,11,23,10,16408.99
4021,11,24,10,3752.06
4022,11,7,10,3349.74
4023,11,25,10,834.80
4024,11,26,10,965.11
4025,11,27,10,0.00
4026,11,28,10,1438.86
4027,11,29,10,0.00
4028,11,30,10,0.00
4029,11,31,10,110.98
4030,11,8,10,3977.02
4031,11,32,10,3977.02
4032,11,9,10,11.71
4033,5,1,10,0.00
4034,5,10,10,0.00
4035,5,2,10,0.00
4036,5,11,10,0.00
4037,5,3,10,0.00
4038,5,12,10,0.00
4039,5,4,10,0.00
4040,5,13,10,0.00
4041,5,14,10,0.00
4042,5,15,10,0.00
4043,5,5,10,0.00
4044,5,16,10,0.00
4045,5,17,10,0.00
4046,5,18,10,0.00
4047,5,19,10,0.00
4048,5,20,10,0.00
4049,5,21,10,0.00
4050,5,6,10,0.00
4051,5,22,10,0.00
4052,5,23,10,0.00
4053,5,24,10,0.00
4054,5,7,10,0.00
4055,5,25,10,0.00
4056,5,26,10,0.00
4057,5,27,10,0.00
4058,5,28,10,0.00
4059,5,29,10,0.00
4060,5,30,10,0.00
4061,5,31,10,0.00
4062,5,8,10,0.00
4063,5,32,10,0.00
4064,5,9,10,0.00
4065,12,1,10,176499.78
4066,12,10,10,176499.78
4067,12,2,10,14053.55
4068,12,11,10,14053.55
4069,12,3,10,11447.47
4070,12,12,10,11447.47
4071,12,4,10,105118.46
4072,12,13,10,50761.26
4073,12,14,10,54357.19
4074,12,15,10,0.00
4075,12,5,10,1259.07
4076,12,16,10,257.18
4077,12,17,10,0.00
4078,12,18,10,0.00
4079,12,19,10,1001.89
4080,12,20,10,0.00
4081,12,21,10,0.00
4082,12,6,10,76436.35
4083,12,22,10,29337.87
4084,12,23,10,41382.38
4085,12,24,10,5716.11
4086,12,7,10,2517.39
4087,12,25,10,493.83
4088,12,26,10,956.68
4089,12,27,10,72.31
4090,12,28,10,722.22
4091,12,29,10,272.35
4092,12,30,10,0.00
4093,12,31,10,0.00
4094,12,8,10,3163.61
4095,12,32,10,3163.61
4096,12,9,10,0.00
4097,1,1,10,21226.59
4098,1,10,10,21226.59
4099,1,2,10,1477.24
4100,1,11,10,1477.24
4101,1,3,10,2579.98
4102,1,12,10,2579.98
4103,1,4,10,5687.41
4104,1,13,10,2033.49
4105,1,14,10,3653.92
4106,1,15,10,0.00
4107,1,5,10,222.80
4108,1,16,10,0.00
4109,1,17,10,0.00
4110,1,18,10,0.00
4111,1,19,10,222.80
4112,1,20,10,0.00
4113,1,21,10,0.00
4114,1,6,10,16557.60
4115,1,22,10,7639.74
4116,1,23,10,7596.83
4117,1,24,10,1321.04
4118,1,7,10,1116.20
4119,1,25,10,1116.20
4120,1,26,10,0.00
4121,1,27,10,0.00
4122,1,28,10,0.00
4123,1,29,10,0.00
4124,1,30,10,0.00
4125,1,31,10,0.00
4126,1,8,10,103.17
4127,1,32,10,103.17
4128,1,9,10,0.00
4129,10,1,10,21409.03
4130,10,10,10,21409.03
4131,10,2,10,669.02
4132,10,11,10,669.02
4133,10,3,10,367.51
4134,10,12,10,367.51
4135,10,4,10,10241.56
4136,10,13,10,9383.60
4137,10,14,10,848.05
4138,10,15,10,9.91
4139,10,5,10,1057.90
4140,10,16,10,0.00
4141,10,17,10,0.00
4142,10,18,10,0.00
4143,10,19,10,1057.90
4144,10,20,10,0.00
4145,10,21,10,0.00
4146,10,6,10,6426.23
4147,10,22,10,3428.66
4148,10,23,10,2339.92
4149,10,24,10,657.65
4150,10,7,10,2.33
4151,10,25,10,2.33
4152,10,26,10,0.00
4153,10,27,10,0.00
4154,10,28,10,0.00
4155,10,29,10,0.00
4156,10,30,10,0.00
4157,10,31,10,0.00
4158,10,8,10,980.49
4159,10,32,10,980.49
4160,10,9,10,0.00
4161,4,1,10,37576.59
4162,4,10,10,37576.59
4163,4,2,10,1033.87
4164,4,11,10,1033.87
4165,4,3,10,792.91
4166,4,12,10,792.91
4167,4,4,10,20216.00
4168,4,13,10,17189.45
4169,4,14,10,3026.55
4170,4,15,10,0.00
4171,4,5,10,1031.86
4172,4,16,10,0.00
4173,4,17,10,0.00
4174,4,18,10,0.00
4175,4,19,10,841.32
4176,4,20,10,190.54
4177,4,21,10,0.00
4178,4,6,10,16019.83
4179,4,22,10,7177.17
4180,4,23,10,7121.28
4181,4,24,10,1721.38
4182,4,7,10,361.11
4183,4,25,10,0.00
4184,4,26,10,0.00
4185,4,27,10,22.96
4186,4,28,10,333.21
4187,4,29,10,0.00
4188,4,30,10,4.94
4189,4,31,10,0.00
4190,4,8,10,50.87
4191,4,32,10,50.87
4192,4,9,10,0.00
4193,3,1,10,44639.90
4194,3,10,10,44639.90
4195,3,2,10,3769.73
4196,3,11,10,3769.73
4197,3,3,10,9755.85
4198,3,12,10,9755.85
4199,3,4,10,30632.67
4200,3,13,10,25082.76
4201,3,14,10,5394.56
4202,3,15,10,155.36
4203,3,5,10,147.72
4204,3,16,10,0.24
4205,3,17,10,0.00
4206,3,18,10,0.00
4207,3,19,10,147.49
4208,3,20,10,0.00
4209,3,21,10,0.00
4210,3,6,10,18471.59
4211,3,22,10,8907.86
4212,3,23,10,7660.48
4213,3,24,10,1903.25
4214,3,7,10,2393.26
4215,3,25,10,55.18
4216,3,26,10,387.01
4217,3,27,10,0.00
4218,3,28,10,553.67
4219,3,29,10,1349.80
4220,3,30,10,0.00
4221,3,31,10,47.61
4222,3,8,10,443.82
4223,3,32,10,443.82
4224,3,9,10,0.00
4225,2,1,11,333811.51
4226,2,10,11,333811.51
4227,2,2,11,68317.92
4228,2,11,11,68317.92
4229,2,3,11,79870.60
4230,2,12,11,79870.60
4231,2,4,11,160644.27
4232,2,13,11,79271.89
4233,2,14,11,81372.37
4234,2,15,11,0.00
4235,2,5,11,34105.33
4236,2,16,11,111.46
4237,2,17,11,0.00
4238,2,18,11,0.00
4239,2,19,11,32241.46
4240,2,20,11,1752.41
4241,2,21,11,0.00
4242,2,6,11,134947.64
4243,2,22,11,67769.58
4244,2,23,11,52825.06
4245,2,24,11,14353.00
4246,2,7,11,22727.64
4247,2,25,11,3693.73
4248,2,26,11,2412.67
4249,2,27,11,0.00
4250,2,28,11,2128.75
4251,2,29,11,13775.30
4252,2,30,11,0.00
4253,2,31,11,717.20
4254,2,8,11,23886.38
4255,2,32,11,23886.38
4256,2,9,11,0.00
4257,6,1,11,239948.49
4258,6,10,11,239948.49
4259,6,2,11,16394.13
4260,6,11,11,16394.13
4261,6,3,11,35461.26
4262,6,12,11,35461.26
4263,6,4,11,126655.79
4264,6,13,11,68864.20
4265,6,14,11,49284.34
4266,6,15,11,8507.25
4267,6,5,11,2989.20
4268,6,16,11,7.04
4269,6,17,11,0.00
4270,6,18,11,78.05
4271,6,19,11,2210.45
4272,6,20,11,693.66
4273,6,21,11,0.00
4274,6,6,11,105994.21
4275,6,22,11,54031.49
4276,6,23,11,37635.69
4277,6,24,11,14327.03
4278,6,7,11,1565.04
4279,6,25,11,186.00
4280,6,26,11,996.06
4281,6,27,11,107.52
4282,6,28,11,60.82
4283,6,29,11,0.00
4284,6,30,11,0.00
4285,6,31,11,214.65
4286,6,8,11,16201.21
4287,6,32,11,16201.21
4288,6,9,11,0.00
4289,7,1,11,207550.27
4290,7,10,11,207550.27
4291,7,2,11,23836.02
4292,7,11,11,23836.02
4293,7,3,11,47509.84
4294,7,12,11,47509.84
4295,7,4,11,140205.69
4296,7,13,11,70497.30
4297,7,14,11,69708.39
4298,7,15,11,0.00
4299,7,5,11,21757.64
4300,7,16,11,15.61
4301,7,17,11,0.10
4302,7,18,11,0.00
4303,7,19,11,20737.87
4304,7,20,11,1004.05
4305,7,21,11,0.00
4306,7,6,11,72099.06
4307,7,22,11,35965.73
4308,7,23,11,30991.69
4309,7,24,11,5141.63
4310,7,7,11,3149.51
4311,7,25,11,155.23
4312,7,26,11,1420.70
4313,7,27,11,210.09
4314,7,28,11,1238.85
4315,7,29,11,0.00
4316,7,30,11,0.00
4317,7,31,11,124.64
4318,7,8,11,11148.25
4319,7,32,11,11148.25
4320,7,9,11,0.00
4321,9,1,11,88210.81
4322,9,10,11,88210.81
4323,9,2,11,6142.86
4324,9,11,11,6142.86
4325,9,3,11,3383.74
4326,9,12,11,3383.74
4327,9,4,11,44542.96
4328,9,13,11,35007.50
4329,9,14,11,9449.24
4330,9,15,11,86.22
4331,9,5,11,1266.00
4332,9,16,11,51.21
4333,9,17,11,0.00
4334,9,18,11,24.90
4335,9,19,11,1189.89
4336,9,20,11,0.00
4337,9,21,11,0.00
4338,9,6,11,29078.21
4339,9,22,11,14938.75
4340,9,23,11,12463.56
4341,9,24,11,1675.90
4342,9,7,11,1806.89
4343,9,25,11,70.15
4344,9,26,11,270.25
4345,9,27,11,329.06
4346,9,28,11,1047.20
4347,9,29,11,0.00
4348,9,30,11,0.00
4349,9,31,11,90.22
4350,9,8,11,4814.34
4351,9,32,11,4814.34
4352,9,9,11,0.00
4353,14,1,11,8304.99
4354,14,10,11,8304.99
4355,14,2,11,4707.94
4356,14,11,11,4707.94
4357,14,3,11,280.90
4358,14,12,11,280.90
4359,14,4,11,2443.79
4360,14,13,11,2432.58
4361,14,14,11,11.20
4362,14,15,11,0.00
4363,14,5,11,1795.76
4364,14,16,11,0.99
4365,14,17,11,0.00
4366,14,18,11,97.96
4367,14,19,11,1657.63
4368,14,20,11,39.18
4369,14,21,11,0.00
4370,14,6,11,7057.54
4371,14,22,11,4289.95
4372,14,23,11,2510.95
4373,14,24,11,256.64
4374,14,7,11,15.65
4375,14,25,11,15.65
4376,14,26,11,0.00
4377,14,27,11,0.00
4378,14,28,11,0.00
4379,14,29,11,0.00
4380,14,30,11,0.00
4381,14,31,11,0.00
4382,14,8,11,577.95
4383,14,32,11,577.95
4384,14,9,11,10.03
4385,13,1,11,35003.46
4386,13,10,11,35003.46
4387,13,2,11,1988.29
4388,13,11,11,1988.29
4389,13,3,11,622.02
4390,13,12,11,622.02
4391,13,4,11,7068.74
4392,13,13,11,6371.66
4393,13,14,11,697.08
4394,13,15,11,0.00
4395,13,5,11,1246.32
4396,13,16,11,80.82
4397,13,17,11,0.00
4398,13,18,11,0.12
4399,13,19,11,972.95
4400,13,20,11,192.43
4401,13,21,11,0.00
4402,13,6,11,21718.21
4403,13,22,11,14184.17
4404,13,23,11,5406.07
4405,13,24,11,2127.97
4406,13,7,11,1945.56
4407,13,25,11,685.90
4408,13,26,11,695.32
4409,13,27,11,49.46
4410,13,28,11,514.88
4411,13,29,11,0.00
4412,13,30,11,0.00
4413,13,31,11,0.00
4414,13,8,11,2221.32
4415,13,32,11,2221.32
4416,13,9,11,0.00
4417,8,1,11,23249.33
4418,8,10,11,23249.33
4419,8,2,11,709.98
4420,8,11,11,709.98
4421,8,3,11,1082.30
4422,8,12,11,1082.30
4423,8,4,11,12423.33
4424,8,13,11,11432.38
4425,8,14,11,990.95
4426,8,15,11,0.00
4427,8,5,11,91.48
4428,8,16,11,0.00
4429,8,17,11,0.00
4430,8,18,11,0.00
4431,8,19,11,91.48
4432,8,20,11,0.00
4433,8,21,11,0.00
4434,8,6,11,9674.60
4435,8,22,11,4936.93
4436,8,23,11,3403.32
4437,8,24,11,1334.35
4438,8,7,11,1158.44
4439,8,25,11,378.87
4440,8,26,11,619.35
4441,8,27,11,19.45
4442,8,28,11,131.40
4443,8,29,11,0.00
4444,8,30,11,0.00
4445,8,31,11,9.38
4446,8,8,11,354.35
4447,8,32,11,354.35
4448,8,9,11,0.00
4449,11,1,11,104549.24
4450,11,10,11,104549.24
4451,11,2,11,8292.44
4452,11,11,11,8292.44
4453,11,3,11,10577.07
4454,11,12,11,10577.07
4455,11,4,11,56170.81
4456,11,13,11,37401.51
4457,11,14,11,18769.29
4458,11,15,11,0.00
4459,11,5,11,12961.62
4460,11,16,11,0.00
4461,11,17,11,0.00
4462,11,18,11,0.00
4463,11,19,11,12181.92
4464,11,20,11,779.70
4465,11,21,11,0.00
4466,11,6,11,41346.65
4467,11,22,11,18818.72
4468,11,23,11,18437.39
4469,11,24,11,4090.53
4470,11,7,11,3526.61
4471,11,25,11,834.80
4472,11,26,11,990.91
4473,11,27,11,0.00
4474,11,28,11,1580.65
4475,11,29,11,0.00
4476,11,30,11,0.00
4477,11,31,11,120.26
4478,11,8,11,4353.98
4479,11,32,11,4353.98
4480,11,9,11,11.71
4481,12,1,11,195692.38
4482,12,10,11,195692.38
4483,12,2,11,15648.41
4484,12,11,11,15648.41
4485,12,3,11,12358.09
4486,12,12,11,12358.09
4487,12,4,11,116886.43
4488,12,13,11,55680.64
4489,12,14,11,61205.79
4490,12,15,11,0.00
4491,12,5,11,1443.23
4492,12,16,11,343.10
4493,12,17,11,0.00
4494,12,18,11,0.00
4495,12,19,11,1100.12
4496,12,20,11,0.00
4497,12,21,11,0.00
4498,12,6,11,84513.44
4499,12,22,11,32126.75
4500,12,23,11,46076.45
4501,12,24,11,6310.24
4502,12,7,11,2586.55
4503,12,25,11,493.83
4504,12,26,11,956.90
4505,12,27,11,77.57
4506,12,28,11,775.30
4507,12,29,11,275.65
4508,12,30,11,7.30
4509,12,31,11,0.00
4510,12,8,11,2597.54
4511,12,32,11,2597.54
4512,12,9,11,0.00
4513,1,1,11,23866.52
4514,1,10,11,23866.52
4515,1,2,11,1639.15
4516,1,11,11,1639.15
4517,1,3,11,2744.73
4518,1,12,11,2744.73
4519,1,4,11,6437.19
4520,1,13,11,2288.95
4521,1,14,11,4148.23
4522,1,15,11,0.00
4523,1,5,11,237.62
4524,1,16,11,0.00
4525,1,17,11,0.00
4526,1,18,11,0.00
4527,1,19,11,237.62
4528,1,20,11,0.00
4529,1,21,11,0.00
4530,1,6,11,18423.75
4531,1,22,11,8438.93
4532,1,23,11,8507.86
4533,1,24,11,1476.95
4534,1,7,11,1257.40
4535,1,25,11,1257.40
4536,1,26,11,0.00
4537,1,27,11,0.00
4538,1,28,11,0.00
4539,1,29,11,0.00
4540,1,30,11,0.00
4541,1,31,11,0.00
4542,1,8,11,134.54
4543,1,32,11,134.54
4544,1,9,11,0.00
4545,10,1,11,23534.81
4546,10,10,11,23534.81
4547,10,2,11,754.21
4548,10,11,11,754.21
4549,10,3,11,370.62
4550,10,12,11,370.62
4551,10,4,11,11154.75
4552,10,13,11,10272.24
4553,10,14,11,872.60
4554,10,15,11,9.91
4555,10,5,11,1193.70
4556,10,16,11,0.00
4557,10,17,11,0.00
4558,10,18,11,0.00
4559,10,19,11,1193.70
4560,10,20,11,0.00
4561,10,21,11,0.00
4562,10,6,11,7099.21
4563,10,22,11,3779.15
4564,10,23,11,2606.61
4565,10,24,11,713.46
4566,10,7,11,2.33
4567,10,25,11,2.33
4568,10,26,11,0.00
4569,10,27,11,0.00
4570,10,28,11,0.00
4571,10,29,11,0.00
4572,10,30,11,0.00
4573,10,31,11,0.00
4574,10,8,11,1092.61
4575,10,32,11,1092.61
4576,10,9,11,0.00
4577,4,1,11,41534.69
4578,4,10,11,41534.69
4579,4,2,11,1137.54
4580,4,11,11,1137.54
4581,4,3,11,807.62
4582,4,12,11,807.62
4583,4,4,11,22339.58
4584,4,13,11,19077.93
4585,4,14,11,3261.65
4586,4,15,11,0.00
4587,4,5,11,1210.67
4588,4,16,11,0.00
4589,4,17,11,0.00
4590,4,18,11,0.00
4591,4,19,11,988.69
4592,4,20,11,221.98
4593,4,21,11,0.00
4594,4,6,11,17589.20
4595,4,22,11,7898.09
4596,4,23,11,7802.20
4597,4,24,11,1888.90
4598,4,7,11,386.96
4599,4,25,11,0.00
4600,4,26,11,0.00
4601,4,27,11,24.78
4602,4,28,11,357.23
4603,4,29,11,0.00
4604,4,30,11,4.94
4605,4,31,11,0.00
4606,4,8,11,50.87
4607,4,32,11,50.87
4608,4,9,11,0.00
4609,3,1,11,49412.16
4610,3,10,11,49412.16
4611,3,2,11,4069.48
4612,3,11,11,4069.48
4613,3,3,11,10176.86
4614,3,12,11,10176.86
4615,3,4,11,33527.90
4616,3,13,11,27536.47
4617,3,14,11,5824.10
4618,3,15,11,167.33
4619,3,5,11,163.22
4620,3,16,11,0.24
4621,3,17,11,0.00
4622,3,18,11,0.00
4623,3,19,11,162.98
4624,3,20,11,0.00
4625,3,21,11,0.00
4626,3,6,11,20589.74
4627,3,22,11,10040.21
4628,3,23,11,8446.66
4629,3,24,11,2102.87
4630,3,7,11,2542.32
4631,3,25,11,55.51
4632,3,26,11,397.72
4633,3,27,11,0.00
4634,3,28,11,603.95
4635,3,29,11,1435.54
4636,3,30,11,0.00
4637,3,31,11,49.60
4638,3,8,11,452.82
4639,3,32,11,452.82
4640,3,9,11,0.00
4641,2,1,12,366367.91
4642,2,10,12,366367.91
4643,2,2,12,75580.09
4644,2,11,12,75580.09
4645,2,3,12,83417.73
4646,2,12,12,83417.73
4647,2,4,12,171113.61
4648,2,13,12,86480.10
4649,2,14,12,84633.51
4650,2,15,12,0.00
4651,2,5,12,40181.52
4652,2,16,12,111.58
4653,2,17,12,0.00
4654,2,18,12,0.00
4655,2,19,12,37850.91
4656,2,20,12,2219.03
4657,2,21,12,0.00
4658,2,6,12,153879.55
4659,2,22,12,77072.71
4660,2,23,12,59498.01
4661,2,24,12,17308.83
4662,2,7,12,22626.50
4663,2,25,12,4096.41
4664,2,26,12,2598.53
4665,2,27,12,0.00
4666,2,28,12,2306.26
4667,2,29,12,12792.34
4668,2,30,12,0.00
4669,2,31,12,832.96
4670,2,8,12,26468.95
4671,2,32,12,26468.95
4672,2,9,12,0.00
4673,6,1,12,263292.34
4674,6,10,12,263292.34
4675,6,2,12,18196.50
4676,6,11,12,18196.50
4677,6,3,12,37296.71
4678,6,12,12,37296.71
4679,6,4,12,136109.53
4680,6,13,12,75263.74
4681,6,14,12,51467.95
4682,6,15,12,9377.83
4683,6,5,12,3336.39
4684,6,16,12,8.65
4685,6,17,12,0.00
4686,6,18,12,85.15
4687,6,19,12,2504.68
4688,6,20,12,737.91
4689,6,21,12,0.00
4690,6,6,12,116944.79
4691,6,22,12,59416.93
4692,6,23,12,41631.84
4693,6,24,12,15896.03
4694,6,7,12,1660.49
4695,6,25,12,209.45
4696,6,26,12,1012.22
4697,6,27,12,124.02
4698,6,28,12,79.15
4699,6,29,12,0.00
4700,6,30,12,0.00
4701,6,31,12,235.65
4702,6,8,12,17573.63
4703,6,32,12,17573.63
4704,6,9,12,0.00
4705,7,1,12,227663.31
4706,7,10,12,227663.31
4707,7,2,12,26511.94
4708,7,11,12,26511.94
4709,7,3,12,50497.53
4710,7,12,12,50497.53
4711,7,4,12,149644.84
4712,7,13,12,77432.51
4713,7,14,12,72212.33
4714,7,15,12,0.00
4715,7,5,12,23784.49
4716,7,16,12,15.91
4717,7,17,12,0.10
4718,7,18,12,0.00
4719,7,19,12,22446.14
4720,7,20,12,1322.34
4721,7,21,12,0.00
4722,7,6,12,80509.98
4723,7,22,12,40028.25
4724,7,23,12,34909.03
4725,7,24,12,5572.70
4726,7,7,12,3328.17
4727,7,25,12,185.48
4728,7,26,12,1450.26
4729,7,27,12,245.02
4730,7,28,12,1314.66
4731,7,29,12,0.00
4732,7,30,12,0.00
4733,7,31,12,132.74
4734,7,8,12,12085.44
4735,7,32,12,12085.44
4736,7,9,12,0.00
4737,9,1,12,97657.03
4738,9,10,12,97657.03
4739,9,2,12,6522.99
4740,9,11,12,6522.99
4741,9,3,12,3732.54
4742,9,12,12,3732.54
4743,9,4,12,49871.32
4744,9,13,12,38753.96
4745,9,14,12,11026.97
4746,9,15,12,90.39
4747,9,5,12,1395.05
4748,9,16,12,51.21
4749,9,17,12,0.00
4750,9,18,12,34.31
4751,9,19,12,1309.53
4752,9,20,12,0.00
4753,9,21,12,0.00
4754,9,6,12,32107.77
4755,9,22,12,16488.46
4756,9,23,12,13771.79
4757,9,24,12,1847.52
4758,9,7,12,2035.64
4759,9,25,12,71.27
4760,9,26,12,361.88
4761,9,27,12,358.92
4762,9,28,12,1142.41
4763,9,29,12,0.00
4764,9,30,12,0.00
4765,9,31,12,101.16
4766,9,8,12,5010.25
4767,9,32,12,5010.25
4768,9,9,12,0.00
4769,14,1,12,8792.18
4770,14,10,12,8792.18
4771,14,2,12,5132.32
4772,14,11,12,5132.32
4773,14,3,12,280.90
4774,14,12,12,280.90
4775,14,4,12,3054.29
4776,14,13,12,3040.61
4777,14,14,12,13.68
4778,14,15,12,0.00
4779,14,5,12,1990.84
4780,14,16,12,0.99
4781,14,17,12,0.00
4782,14,18,12,97.96
4783,14,19,12,1852.81
4784,14,20,12,39.08
4785,14,21,12,0.00
4786,14,6,12,7907.14
4787,14,22,12,4800.35
4788,14,23,12,2829.54
4789,14,24,12,277.26
4790,14,7,12,15.70
4791,14,25,12,15.70
4792,14,26,12,0.00
4793,14,27,12,0.00
4794,14,28,12,0.00
4795,14,29,12,0.00
4796,14,30,12,0.00
4797,14,31,12,0.00
4798,14,8,12,555.48
4799,14,32,12,555.48
4800,14,9,12,10.03
4801,13,1,12,38479.02
4802,13,10,12,38479.02
4803,13,2,12,2184.08
4804,13,11,12,2184.08
4805,13,3,12,813.01
4806,13,12,12,813.01
4807,13,4,12,7775.24
4808,13,13,12,6991.76
4809,13,14,12,783.48
4810,13,15,12,0.00
4811,13,5,12,1366.74
4812,13,16,12,85.35
4813,13,17,12,0.00
4814,13,18,12,0.12
4815,13,19,12,1070.93
4816,13,20,12,210.33
4817,13,21,12,0.00
4818,13,6,12,24516.59
4819,13,22,12,15698.41
4820,13,23,12,6375.63
4821,13,24,12,2442.55
4822,13,7,12,2112.92
4823,13,25,12,805.12
4824,13,26,12,695.32
4825,13,27,12,56.23
4826,13,28,12,556.25
4827,13,29,12,0.00
4828,13,30,12,0.00
4829,13,31,12,0.00
4830,13,8,12,2138.40
4831,13,32,12,2138.40
4832,13,9,12,0.00
4833,8,1,12,25171.86
4834,8,10,12,25171.86
4835,8,2,12,771.97
4836,8,11,12,771.97
4837,8,3,12,1086.78
4838,8,12,12,1086.78
4839,8,4,12,13475.82
4840,8,13,12,12405.83
4841,8,14,12,1069.99
4842,8,15,12,0.00
4843,8,5,12,111.46
4844,8,16,12,0.00
4845,8,17,12,0.00
4846,8,18,12,0.00
4847,8,19,12,111.46
4848,8,20,12,0.00
4849,8,21,12,0.00
4850,8,6,12,10485.63
4851,8,22,12,5311.95
4852,8,23,12,3723.82
4853,8,24,12,1449.86
4854,8,7,12,1196.77
4855,8,25,12,406.57
4856,8,26,12,619.35
4857,8,27,12,19.45
4858,8,28,12,141.97
4859,8,29,12,0.00
4860,8,30,12,0.00
4861,8,31,12,9.43
4862,8,8,12,369.63
4863,8,32,12,369.63
4864,8,9,12,0.00
4865,11,1,12,114299.46
4866,11,10,12,114299.46
4867,11,2,12,8890.83
4868,11,11,12,8890.83
4869,11,3,12,10922.94
4870,11,12,12,10922.94
4871,11,4,12,61733.13
4872,11,13,12,41322.49
4873,11,14,12,20410.64
4874,11,15,12,0.00
4875,11,5,12,14393.36
4876,11,16,12,0.00
4877,11,17,12,0.00
4878,11,18,12,0.00
4879,11,19,12,13620.60
4880,11,20,12,772.76
4881,11,21,12,0.00
4882,11,6,12,45239.60
4883,11,22,12,20340.95
4884,11,23,12,20476.71
4885,11,24,12,4421.94
4886,11,7,12,3852.03
4887,11,25,12,868.89
4888,11,26,12,1074.32
4889,11,27,12,0.00
4890,11,28,12,1784.19
4891,11,29,12,0.00
4892,11,30,12,0.00
4893,11,31,12,124.63
4894,11,8,12,3778.06
4895,11,32,12,3778.06
4896,11,9,12,11.71
4897,12,1,12,215876.38
4898,12,10,12,215876.38
4899,12,2,12,17363.99
4900,12,11,12,17363.99
4901,12,3,12,18953.32
4902,12,12,12,18953.32
4903,12,4,12,130239.49
4904,12,13,12,60762.24
4905,12,14,12,69477.26
4906,12,15,12,0.00
4907,12,5,12,1574.42
4908,12,16,12,382.46
4909,12,17,12,0.00
4910,12,18,12,0.00
4911,12,19,12,1191.97
4912,12,20,12,0.00
4913,12,21,12,0.00
4914,12,6,12,92692.16
4915,12,22,12,34057.59
4916,12,23,12,51716.03
4917,12,24,12,6918.54
4918,12,7,12,3498.29
4919,12,25,12,494.09
4920,12,26,12,1062.61
4921,12,27,12,79.34
4922,12,28,12,827.62
4923,12,29,12,1027.34
4924,12,30,12,7.30
4925,12,31,12,0.00
4926,12,8,12,1177.11
4927,12,32,12,1177.11
4928,12,9,12,0.00
4929,1,1,12,26912.99
4930,1,10,12,26912.99
4931,1,2,12,1799.52
4932,1,11,12,1799.52
4933,1,3,12,2944.55
4934,1,12,12,2944.55
4935,1,4,12,7513.72
4936,1,13,12,2583.89
4937,1,14,12,4929.83
4938,1,15,12,0.00
4939,1,5,12,257.43
4940,1,16,12,0.00
4941,1,17,12,0.00
4942,1,18,12,0.00
4943,1,19,12,257.43
4944,1,20,12,0.00
4945,1,21,12,0.00
4946,1,6,12,21601.00
4947,1,22,12,9420.98
4948,1,23,12,10550.91
4949,1,24,12,1629.11
4950,1,7,12,5.71
4951,1,25,12,5.71
4952,1,26,12,0.00
4953,1,27,12,0.00
4954,1,28,12,0.00
4955,1,29,12,0.00
4956,1,30,12,0.00
4957,1,31,12,0.00
4958,1,8,12,247.41
4959,1,32,12,247.41
4960,1,9,12,0.00
4961,10,1,12,25704.93
4962,10,10,12,25704.93
4963,10,2,12,836.65
4964,10,11,12,836.65
4965,10,3,12,372.92
4966,10,12,12,372.92
4967,10,4,12,12095.77
4968,10,13,12,11204.69
4969,10,14,12,881.17
4970,10,15,12,9.91
4971,10,5,12,1320.21
4972,10,16,12,0.00
4973,10,17,12,0.00
4974,10,18,12,0.00
4975,10,19,12,1320.21
4976,10,20,12,0.00
4977,10,21,12,0.00
4978,10,6,12,7823.00
4979,10,22,12,4117.47
4980,10,23,12,2933.21
4981,10,24,12,772.32
4982,10,7,12,2.33
4983,10,25,12,2.33
4984,10,26,12,0.00
4985,10,27,12,0.00
4986,10,28,12,0.00
4987,10,29,12,0.00
4988,10,30,12,0.00
4989,10,31,12,0.00
4990,10,8,12,961.27
4991,10,32,12,961.27
4992,10,9,12,0.00
4993,4,1,12,45637.20
4994,4,10,12,45637.20
4995,4,2,12,1293.43
4996,4,11,12,1293.43
4997,4,3,12,811.81
4998,4,12,12,811.81
4999,4,4,12,24475.21
5000,4,13,12,21038.69
5001,4,14,12,3436.52
5002,4,15,12,0.00
5003,4,5,12,1377.14
5004,4,16,12,0.00
5005,4,17,12,0.00
5006,4,18,12,0.00
5007,4,19,12,1144.56
5008,4,20,12,232.58
5009,4,21,12,0.00
5010,4,6,12,19251.56
5011,4,22,12,8641.48
5012,4,23,12,8553.63
5013,4,24,12,2056.45
5014,4,7,12,390.19
5015,4,25,12,0.00
5016,4,26,12,0.00
5017,4,27,12,25.07
5018,4,28,12,360.17
5019,4,29,12,0.00
5020,4,30,12,4.94
5021,4,31,12,0.00
5022,4,8,12,124.50
5023,4,32,12,124.50
5024,4,9,12,0.00
5025,3,1,12,54410.23
5026,3,10,12,54410.23
5027,3,2,12,4600.41
5028,3,11,12,4600.41
5029,3,3,12,10906.04
5030,3,12,12,10906.04
5031,3,4,12,37019.21
5032,3,13,12,30155.38
5033,3,14,12,6680.15
5034,3,15,12,183.68
5035,3,5,12,175.90
5036,3,16,12,0.24
5037,3,17,12,0.00
5038,3,18,12,0.00
5039,3,19,12,175.66
5040,3,20,12,0.00
5041,3,21,12,0.00
5042,3,6,12,22955.20
5043,3,22,12,11096.38
5044,3,23,12,9553.72
5045,3,24,12,2305.10
5046,3,7,12,2670.46
5047,3,25,12,55.69
5048,3,26,12,400.02
5049,3,27,12,0.00
5050,3,28,12,653.90
5051,3,29,12,1510.71
5052,3,30,12,0.00
5053,3,31,12,50.14
5054,3,8,12,413.63
5055,3,32,12,413.63
5056,3,9,12,0.00
